timestamp,x,y,z,orientation_x,orientation_y,orientation_z,orientation_w
8.3,-0.001,-0.0,-0.01,-0.0,-0.0,0.0,1.0
8.55,-0.001,-0.0,-0.01,-0.0,-0.0,0.0,1.0
8.55,-0.001,-0.0,-0.01,-0.0,-0.0,0.0,1.0
9.05,-0.001,-0.0,-0.01,-0.0,-0.0,0.0,1.0
9.05,-0.001,-0.0,-0.01,-0.0,-0.0,0.0,1.0
9.05,-0.001,-0.0,-0.01,-0.0,-0.0,0.0,1.0
9.8,-0.001,-0.0,-0.01,-0.0,-0.0,0.0,1.0
9.8,-0.001,-0.0,-0.01,-0.0,-0.0,0.0,1.0
10.8,-0.001,-0.0,-0.01,-0.0,-0.0,0.0,1.0
10.8,-0.001,-0.0,-0.01,-0.0,-0.0,0.0,1.0
10.8,-0.001,-0.0,-0.01,-0.0,-0.0,0.0,1.0
11.55,-0.001,-0.0,-0.01,-0.0,-0.0,0.0,1.0
11.55,-0.001,-0.0,-0.01,-0.0,-0.0,0.0,1.0
12.05,-0.001,-0.0,-0.01,-0.0,-0.0,0.0,1.0
12.3,-0.001,-0.0,-0.01,-0.0,-0.0,0.0,1.0
16.1,-0.001,-0.0,-0.01,-0.0,-0.0,0.0,1.0
16.35,-0.001,-0.0,-0.01,-0.0,-0.0,0.0,1.0
16.35,-0.001,-0.0,-0.01,-0.0,-0.0,0.0,1.0
16.6,-0.001,-0.0,-0.01,-0.0,-0.0,0.0,1.0
17.1,-0.001,-0.0,-0.01,-0.0,-0.0,0.0,1.0
17.35,-0.001,-0.0,-0.01,-0.0,-0.0,0.0,1.0
17.6,-0.001,-0.0,-0.01,-0.0,-0.0,0.0,1.0
17.6,-0.001,-0.0,-0.01,-0.0,-0.0,0.0,1.0
17.6,-0.001,-0.0,-0.01,-0.0,-0.0,0.0,1.0
18.1,-0.001,-0.0,-0.01,-0.0,-0.0,0.0,1.0
18.1,-0.001,-0.0,-0.01,-0.0,-0.0,0.0,1.0
18.6,-0.001,-0.0,-0.01,-0.0,-0.0,0.0,1.0
18.85,-0.001,-0.0,-0.01,-0.0,-0.0,0.0,1.0
19.1,-0.001,-0.0,-0.01,-0.0,-0.0,0.0,1.0
19.6,-0.001,-0.0,-0.01,-0.0,-0.0,0.0,1.0
19.85,-0.001,-0.0,-0.01,-0.0,-0.0,0.0,1.0
20.1,-0.001,-0.0,-0.01,-0.0,-0.0,0.0,1.0
20.35,-0.001,-0.0,-0.01,-0.0,-0.0,0.0,1.0
20.35,-0.001,-0.0,-0.01,-0.0,-0.0,0.0,1.0
20.35,-0.001,-0.0,-0.01,-0.0,-0.0,0.0,1.0
20.6,-0.001,-0.0,-0.01,-0.0,-0.0,0.0,1.0
20.85,-0.001,-0.0,-0.01,-0.0,-0.0,0.0,1.0
21.1,-0.001,-0.0,-0.01,-0.0,-0.0,0.0,1.0
21.85,-0.001,-0.0,-0.01,-0.0,-0.0,0.0,1.0
22.1,-0.001,-0.0,-0.01,-0.0,-0.0,0.0,1.0
22.1,-0.001,-0.0,-0.01,-0.0,-0.0,0.0,1.0
22.35,-0.001,-0.0,-0.01,-0.0,-0.0,0.0,1.0
22.35,-0.001,-0.0,-0.01,-0.0,-0.0,0.0,1.0
22.35,-0.001,-0.0,-0.01,-0.0,-0.0,0.0,1.0
23.1,-0.002,-0.0,-0.01,-0.0,-0.0,0.0,1.0
23.1,-0.002,-0.0,-0.01,-0.0,-0.0,0.0,1.0
23.1,-0.002,-0.0,-0.01,-0.0,-0.0,0.0,1.0
23.1,-0.002,-0.0,-0.01,-0.0,-0.0,0.0,1.0
23.1,-0.002,-0.0,-0.01,-0.0,-0.0,0.0,1.0
23.1,-0.002,-0.0,-0.01,-0.0,-0.0,0.0,1.0
23.1,-0.002,-0.0,-0.01,-0.0,-0.0,0.0,1.0
23.35,-0.002,-0.0,-0.01,-0.0,-0.0,0.0,1.0
23.6,-0.002,-0.0,-0.01,-0.0,-0.0,0.0,1.0
23.6,-0.002,-0.0,-0.01,-0.0,-0.0,0.0,1.0
24.1,-0.002,-0.0,-0.01,-0.0,-0.0,0.0,1.0
24.1,-0.002,-0.0,-0.01,-0.0,-0.0,0.0,1.0
24.1,-0.002,-0.0,-0.01,-0.0,-0.0,0.0,1.0
25.1,-0.002,-0.0,-0.01,-0.0,-0.0,0.0,1.0
25.1,-0.002,-0.0,-0.01,-0.0,-0.0,0.0,1.0
25.35,-0.002,-0.0,-0.01,-0.0,-0.0,0.0,1.0
25.6,-0.002,-0.0,-0.01,-0.0,-0.0,0.0,1.0
32.2,2.562,0.07,-0.01,-0.0,-0.0,0.012,1.0
32.45,2.762,0.075,-0.01,-0.0,-0.0,0.011,1.0
32.7,2.961,0.074,-0.01,-0.0,-0.0,-0.014,1.0
32.95,3.161,0.068,-0.01,-0.0,-0.0,-0.015,1.0
33.2,3.361,0.063,-0.01,0.0,-0.0,-0.004,1.0
33.7,3.761,0.062,-0.01,-0.0,-0.0,-0.001,1.0
33.7,3.762,0.062,-0.01,-0.0,-0.0,-0.001,1.0
33.7,3.763,0.062,-0.01,-0.0,-0.0,-0.001,1.0
33.95,3.962,0.062,-0.01,-0.0,-0.0,-0.001,1.0
33.95,3.963,0.062,-0.01,-0.0,-0.0,-0.001,1.0
34.7,4.56,0.098,-0.01,0.0,-0.0,0.08,0.997
34.95,4.756,0.137,-0.01,0.0,0.0,0.115,0.993
35.45,5.131,0.243,-0.01,0.0,0.0,0.159,0.987
35.45,5.132,0.243,-0.01,0.0,0.0,0.159,0.987
35.95,5.5,0.388,-0.01,0.0,0.0,0.214,0.977
36.2,5.678,0.479,-0.01,0.0,0.0,0.26,0.966
36.7,6.003,0.711,-0.01,0.0,0.0,0.349,0.937
36.7,6.004,0.712,-0.01,0.0,0.0,0.349,0.937
37.2,6.272,1.009,-0.01,0.0,0.0,0.465,0.885
37.7,6.442,1.372,-0.01,0.0,0.0,0.603,0.798
37.7,6.442,1.372,-0.01,0.0,0.0,0.603,0.797
37.7,6.442,1.373,-0.01,0.0,0.0,0.604,0.797
38.2,6.501,1.769,-0.01,0.0,-0.0,0.691,0.723
38.2,6.501,1.77,-0.01,0.0,-0.0,0.691,0.723
38.2,6.501,1.771,-0.01,0.0,-0.0,0.691,0.723
38.95,6.502,2.371,-0.01,0.0,-0.0,0.713,0.701
38.95,6.502,2.372,-0.01,0.0,-0.0,0.713,0.701
39.2,6.498,2.57,-0.01,0.0,-0.0,0.713,0.701
39.7,6.491,2.97,-0.01,0.0,-0.0,0.717,0.697
39.7,6.491,2.971,-0.01,0.0,-0.0,0.717,0.697
39.7,6.491,2.971,-0.01,0.0,-0.0,0.717,0.697
39.7,6.491,2.972,-0.01,0.0,-0.0,0.717,0.697
39.7,6.491,2.973,-0.01,0.0,-0.0,0.717,0.697
39.7,6.491,2.974,-0.01,0.0,-0.0,0.717,0.697
40.2,6.459,3.368,-0.01,0.0,-0.0,0.757,0.653
40.2,6.459,3.369,-0.01,0.0,-0.0,0.757,0.653
40.7,6.374,3.758,-0.01,0.0,-0.0,0.801,0.598
40.7,6.374,3.759,-0.01,0.0,-0.0,0.802,0.598
40.95,6.312,3.946,-0.01,0.0,-0.0,0.818,0.576
40.95,6.312,3.946,-0.01,0.0,-0.0,0.818,0.576
40.95,6.312,3.947,-0.01,0.0,-0.0,0.818,0.576
40.95,6.311,3.948,-0.01,0.0,-0.0,0.818,0.576
40.95,6.311,3.949,-0.01,0.0,-0.0,0.818,0.576
41.2,6.243,4.137,-0.01,0.0,-0.0,0.815,0.58
41.7,6.128,4.523,-0.01,0.0,-0.0,0.777,0.63
41.95,6.095,4.717,-0.01,0.0,-0.0,0.755,0.656
42.95,6.042,5.512,-0.01,0.0,-0.0,0.708,0.706
42.95,6.042,5.513,-0.01,0.0,-0.0,0.708,0.707
42.95,6.042,5.514,-0.01,0.0,-0.0,0.708,0.707
43.2,6.045,5.715,-0.01,0.0,-0.0,0.696,0.718
43.2,6.045,5.716,-0.01,0.0,-0.0,0.696,0.718
43.45,6.052,5.914,-0.01,0.0,-0.0,0.694,0.72
43.7,6.059,6.114,-0.01,0.0,-0.0,0.694,0.72
43.7,6.06,6.114,-0.01,0.0,-0.0,0.694,0.72
44.2,6.075,6.513,-0.01,0.0,-0.0,0.693,0.721
44.45,6.08,6.712,-0.01,0.0,-0.0,0.703,0.711
44.45,6.08,6.713,-0.01,0.0,-0.0,0.703,0.711
44.7,6.079,6.913,-0.01,0.0,-0.0,0.719,0.695
44.95,6.066,7.113,-0.01,0.0,-0.0,0.742,0.67
45.7,5.931,7.696,-0.01,0.0,-0.0,0.818,0.576
46.45,5.692,8.231,-0.01,0.0,-0.0,0.856,0.517
46.7,5.595,8.406,-0.01,0.0,-0.0,0.869,0.495
46.7,5.595,8.407,-0.01,0.0,-0.0,0.869,0.495
46.7,5.595,8.407,-0.01,0.0,-0.0,0.869,0.495
46.95,5.487,8.574,-0.01,0.0,-0.0,0.89,0.455
46.95,5.486,8.574,-0.01,0.0,-0.0,0.891,0.455
47.2,5.361,8.729,-0.01,0.0,0.0,0.913,0.408
47.45,5.23,8.862,-0.01,0.0,-0.0,0.934,0.358
48.2,4.699,9.125,-0.01,0.0,0.0,0.996,0.091
48.45,4.499,9.142,-0.01,0.0,0.0,1.0,-0.006
48.7,4.3,9.125,-0.01,0.0,0.0,0.997,-0.083
48.7,4.299,9.125,-0.01,0.0,0.0,0.996,-0.084
49.2,3.92,9.006,-0.01,0.0,0.0,0.978,-0.208
49.45,3.754,8.926,-0.01,0.0,0.0,0.972,-0.235
49.95,3.398,8.74,-0.01,0.0,0.0,0.971,-0.24
50.45,3.044,8.555,-0.01,0.0,0.0,0.973,-0.23
50.45,3.043,8.554,-0.01,0.0,0.0,0.973,-0.23
50.95,2.696,8.392,-0.01,0.0,0.0,0.978,-0.209
50.95,2.695,8.392,-0.01,0.0,0.0,0.978,-0.209
50.95,2.694,8.391,-0.01,0.0,0.0,0.978,-0.209
51.2,2.513,8.309,-0.01,0.0,0.0,0.977,-0.212
51.2,2.512,8.309,-0.01,0.0,0.0,0.977,-0.212
51.2,2.511,8.309,-0.01,0.0,0.0,0.977,-0.212
64.4,-0.169,9.111,-0.01,0.0,-0.0,0.064,0.998
64.9,-0.169,9.111,-0.01,0.0,-0.0,0.065,0.998
65.15,-0.169,9.111,-0.01,0.0,-0.0,0.066,0.998
65.65,-0.169,9.111,-0.01,0.0,-0.0,0.067,0.998
65.65,-0.169,9.111,-0.01,0.0,-0.0,0.067,0.998
67.4,-0.17,9.111,-0.01,0.0,-0.0,0.072,0.997
68.15,-0.17,9.111,-0.01,0.0,-0.0,0.074,0.997
68.15,-0.17,9.111,-0.01,0.0,-0.0,0.074,0.997
68.65,-0.17,9.111,-0.01,0.0,-0.0,0.076,0.997
68.9,-0.17,9.111,-0.01,0.0,-0.0,0.076,0.997
68.9,-0.17,9.111,-0.01,0.0,-0.0,0.076,0.997
68.9,-0.17,9.111,-0.01,0.0,-0.0,0.076,0.997
69.15,-0.17,9.111,-0.01,0.0,-0.0,0.077,0.997
69.15,-0.17,9.111,-0.01,0.0,-0.0,0.077,0.997
69.65,-0.17,9.111,-0.01,0.0,-0.0,0.079,0.997
70.4,-0.17,9.111,-0.01,0.0,-0.0,0.081,0.997
70.65,-0.17,9.111,-0.01,0.0,-0.0,0.082,0.997
70.65,-0.17,9.111,-0.01,0.0,-0.0,0.082,0.997
71.4,-0.17,9.111,-0.01,0.0,-0.0,0.084,0.996
71.65,-0.17,9.111,-0.01,0.0,-0.0,0.085,0.996
71.65,-0.17,9.111,-0.01,0.0,-0.0,0.085,0.996
72.4,-0.17,9.111,-0.01,0.0,-0.0,0.087,0.996
72.4,-0.17,9.111,-0.01,0.0,-0.0,0.087,0.996
72.65,-0.17,9.111,-0.01,0.0,-0.0,0.088,0.996
72.9,-0.17,9.111,-0.01,0.0,-0.0,0.088,0.996
72.9,-0.17,9.111,-0.01,0.0,-0.0,0.088,0.996
72.9,-0.17,9.111,-0.01,0.0,-0.0,0.088,0.996
73.15,-0.17,9.111,-0.01,0.0,-0.0,0.089,0.996
73.4,-0.17,9.111,-0.01,0.0,-0.0,0.09,0.996
73.4,-0.17,9.111,-0.01,0.0,-0.0,0.09,0.996
73.65,-0.17,9.111,-0.01,0.0,-0.0,0.09,0.996
73.9,-0.17,9.111,-0.01,0.0,-0.0,0.091,0.996
73.9,-0.17,9.111,-0.01,0.0,-0.0,0.091,0.996
73.9,-0.17,9.111,-0.01,0.0,-0.0,0.091,0.996
73.9,-0.17,9.111,-0.01,0.0,-0.0,0.091,0.996
74.15,-0.17,9.111,-0.01,0.0,-0.0,0.092,0.996
74.65,-0.17,9.111,-0.01,0.0,-0.0,0.093,0.996
74.65,-0.17,9.111,-0.01,0.0,-0.0,0.093,0.996
74.9,-0.17,9.111,-0.01,0.0,-0.0,0.094,0.996
74.9,-0.17,9.111,-0.01,0.0,-0.0,0.094,0.996
75.15,-0.17,9.111,-0.01,0.0,-0.0,0.095,0.995
75.15,-0.17,9.111,-0.01,0.0,-0.0,0.095,0.995
75.4,-0.17,9.111,-0.01,0.0,-0.0,0.096,0.995
75.65,-0.17,9.111,-0.01,0.0,-0.0,0.096,0.995
75.65,-0.17,9.111,-0.01,0.0,-0.0,0.096,0.995
76.15,-0.17,9.111,-0.01,0.0,0.0,0.097,0.995
76.15,-0.17,9.111,-0.01,0.0,0.0,0.097,0.995
76.4,-0.17,9.111,-0.01,0.0,0.0,0.098,0.995
76.65,-0.17,9.111,-0.01,0.0,0.0,0.098,0.995
77.15,-0.17,9.111,-0.01,0.0,0.0,0.1,0.995
77.15,-0.17,9.111,-0.01,0.0,0.0,0.1,0.995
77.15,-0.17,9.111,-0.01,0.0,0.0,0.1,0.995
77.15,-0.17,9.111,-0.01,0.0,0.0,0.1,0.995
77.15,-0.17,9.111,-0.01,0.0,0.0,0.1,0.995
77.15,-0.17,9.111,-0.01,0.0,0.0,0.1,0.995
77.15,-0.17,9.111,-0.01,0.0,0.0,0.1,0.995
77.15,-0.17,9.111,-0.01,0.0,0.0,0.1,0.995
77.15,-0.17,9.111,-0.01,0.0,0.0,0.1,0.995
77.15,-0.17,9.111,-0.01,0.0,0.0,0.1,0.995
77.15,-0.17,9.111,-0.01,0.0,0.0,0.1,0.995
77.15,-0.17,9.111,-0.01,0.0,0.0,0.1,0.995
77.4,-0.165,9.112,-0.01,0.0,-0.0,0.101,0.995
77.4,-0.165,9.112,-0.01,0.0,-0.0,0.101,0.995
77.9,0.12,9.171,-0.01,0.0,-0.0,0.097,0.995
78.15,0.317,9.205,-0.01,0.0,-0.0,0.069,0.998
78.4,0.515,9.229,-0.01,-0.0,-0.0,0.051,0.999
78.65,0.715,9.246,-0.01,-0.0,-0.0,0.034,0.999
78.9,0.914,9.257,-0.01,-0.0,-0.0,0.025,1.0
78.9,0.915,9.257,-0.01,-0.0,-0.0,0.025,1.0
79.15,1.113,9.267,-0.01,-0.0,-0.0,0.025,1.0
79.15,1.114,9.267,-0.01,-0.0,-0.0,0.025,1.0
79.65,1.507,9.277,-0.01,-0.0,-0.0,0.0,1.0
79.65,1.508,9.277,-0.01,-0.0,-0.0,0.0,1.0
79.65,1.509,9.277,-0.01,-0.0,-0.0,0.0,1.0
79.65,1.509,9.277,-0.01,-0.0,-0.0,0.0,1.0
79.65,1.51,9.277,-0.01,-0.0,-0.0,0.0,1.0
79.65,1.511,9.277,-0.01,-0.0,-0.0,0.0,1.0
79.65,1.512,9.277,-0.01,-0.0,-0.0,0.0,1.0
79.65,1.513,9.277,-0.01,-0.0,-0.0,0.0,1.0
79.65,1.513,9.277,-0.01,-0.0,-0.0,0.0,1.0
79.65,1.514,9.277,-0.01,-0.0,-0.0,0.0,1.0
79.9,1.713,9.277,-0.01,-0.0,-0.0,-0.0,1.0
80.4,2.114,9.276,-0.01,-0.0,-0.0,-0.001,1.0
80.65,2.314,9.276,-0.01,-0.0,-0.0,-0.001,1.0
81.15,2.713,9.275,-0.01,-0.0,-0.0,-0.001,1.0
81.15,2.714,9.275,-0.01,-0.0,-0.0,-0.001,1.0
81.4,2.909,9.273,-0.01,-0.0,-0.0,-0.015,1.0
81.4,2.91,9.273,-0.01,-0.0,-0.0,-0.015,1.0
81.4,2.911,9.273,-0.01,-0.0,-0.0,-0.015,1.0
81.4,2.912,9.273,-0.01,-0.0,-0.0,-0.015,1.0
81.4,2.913,9.273,-0.01,-0.0,-0.0,-0.015,1.0
81.4,2.913,9.273,-0.01,-0.0,-0.0,-0.015,1.0
81.4,2.914,9.273,-0.01,-0.0,-0.0,-0.015,1.0
81.65,3.114,9.263,-0.01,-0.0,-0.0,-0.028,1.0
81.9,3.312,9.253,-0.01,-0.0,-0.0,-0.022,1.0
81.9,3.313,9.253,-0.01,-0.0,-0.0,-0.022,1.0
81.9,3.313,9.252,-0.01,-0.0,-0.0,-0.021,1.0
82.15,3.513,9.247,-0.01,0.0,-0.0,-0.005,1.0
82.15,3.514,9.247,-0.01,0.0,-0.0,-0.005,1.0
82.65,3.914,9.253,-0.01,0.0,-0.0,0.007,1.0
83.15,4.312,9.233,-0.01,-0.0,0.0,-0.074,0.997
83.15,4.313,9.233,-0.01,-0.0,0.0,-0.075,0.997
83.4,4.504,9.191,-0.01,-0.0,0.0,-0.14,0.99
83.65,4.67,9.134,-0.01,-0.0,-0.0,-0.196,0.981
83.9,4.848,9.045,-0.01,-0.0,-0.0,-0.263,0.965
84.9,5.372,8.461,-0.01,-0.0,-0.0,-0.565,0.825
84.9,5.372,8.46,-0.01,-0.0,-0.0,-0.565,0.825
85.15,5.428,8.268,-0.01,-0.0,-0.0,-0.634,0.773
85.15,5.428,8.268,-0.01,-0.0,-0.0,-0.634,0.773
85.65,5.46,7.873,-0.01,-0.0,-0.0,-0.705,0.709
85.65,5.46,7.872,-0.01,-0.0,-0.0,-0.705,0.709
85.9,5.458,7.672,-0.01,-0.0,-0.0,-0.717,0.697
85.9,5.458,7.672,-0.01,-0.0,-0.0,-0.717,0.697
86.15,5.451,7.472,-0.01,-0.0,-0.0,-0.721,0.693
86.65,5.434,7.072,-0.01,-0.0,-0.0,-0.719,0.695
87.15,5.426,6.672,-0.01,-0.0,-0.0,-0.713,0.701
87.4,5.426,6.472,-0.01,-0.0,-0.0,-0.697,0.717
87.65,5.436,6.272,-0.01,-0.0,-0.0,-0.684,0.73
87.9,5.452,6.076,-0.01,-0.0,-0.0,-0.671,0.742
87.9,5.452,6.075,-0.01,-0.0,-0.0,-0.671,0.742
87.9,5.452,6.074,-0.01,-0.0,-0.0,-0.67,0.742
88.15,5.478,5.875,-0.01,-0.0,-0.0,-0.647,0.762
88.15,5.478,5.874,-0.01,-0.0,-0.0,-0.647,0.762
89.65,5.897,4.773,-0.01,-0.0,-0.0,-0.504,0.864
91.15,6.413,3.695,-0.01,-0.0,-0.0,-0.598,0.801
91.15,6.413,3.695,-0.01,-0.0,-0.0,-0.598,0.801
91.15,6.414,3.694,-0.01,-0.0,-0.0,-0.599,0.801
91.15,6.414,3.693,-0.01,-0.0,-0.0,-0.599,0.801
91.15,6.414,3.692,-0.01,-0.0,-0.0,-0.599,0.801
91.15,6.414,3.692,-0.01,-0.0,-0.0,-0.599,0.801
91.15,6.414,3.691,-0.01,-0.0,-0.0,-0.599,0.801
91.4,6.462,3.498,-0.01,-0.0,-0.0,-0.636,0.772
92.15,6.5,2.901,-0.01,-0.0,-0.0,-0.717,0.697
93.15,6.513,2.102,-0.01,-0.0,-0.0,-0.691,0.723
93.15,6.513,2.102,-0.01,-0.0,-0.0,-0.691,0.723
93.4,6.519,1.902,-0.01,-0.0,-0.0,-0.703,0.711
94.65,6.268,0.955,-0.01,-0.0,-0.0,-0.886,0.463
94.65,6.268,0.954,-0.01,-0.0,-0.0,-0.886,0.463
95.15,6.011,0.647,-0.01,-0.0,-0.0,-0.921,0.389
96.15,5.455,0.086,-0.01,-0.0,-0.0,-0.93,0.367
96.15,5.454,0.085,-0.01,-0.0,-0.0,-0.93,0.367
96.15,5.453,0.085,-0.01,-0.0,-0.0,-0.93,0.366
96.15,5.452,0.084,-0.01,-0.0,-0.0,-0.93,0.366
96.15,5.452,0.083,-0.01,-0.0,-0.0,-0.93,0.366
96.15,5.451,0.083,-0.01,-0.0,-0.0,-0.931,0.366
96.15,5.451,0.082,-0.01,-0.0,-0.0,-0.931,0.366
96.15,5.45,0.082,-0.01,-0.0,-0.0,-0.931,0.366
96.15,5.45,0.081,-0.01,-0.0,-0.0,-0.931,0.366
96.15,5.449,0.081,-0.01,-0.0,-0.0,-0.931,0.366
96.15,5.448,0.08,-0.01,-0.0,-0.0,-0.931,0.366
96.4,5.302,-0.055,-0.01,-0.0,-0.0,-0.932,0.363
96.4,5.301,-0.055,-0.01,-0.0,-0.0,-0.932,0.363
96.65,5.159,-0.187,-0.01,-0.0,-0.0,-0.93,0.367
96.9,5.02,-0.32,-0.01,-0.0,-0.0,-0.925,0.381
96.9,5.02,-0.32,-0.01,-0.0,-0.0,-0.924,0.381
97.4,4.743,-0.608,-0.01,-0.0,-0.0,-0.918,0.396
97.65,4.606,-0.753,-0.01,-0.0,-0.0,-0.919,0.394
97.65,4.606,-0.754,-0.01,-0.0,-0.0,-0.919,0.394
97.9,4.468,-0.898,-0.01,-0.0,-0.0,-0.92,0.392
97.9,4.467,-0.899,-0.01,-0.0,-0.0,-0.92,0.392
98.15,4.328,-1.041,-0.01,-0.0,-0.0,-0.925,0.38
98.4,4.185,-1.181,-0.01,-0.0,-0.0,-0.927,0.376
98.65,4.041,-1.32,-0.01,-0.0,-0.0,-0.927,0.375
98.9,3.905,-1.451,-0.01,-0.0,-0.0,-0.928,0.374
99.15,3.763,-1.588,-0.01,-0.0,-0.0,-0.928,0.373
99.65,3.476,-1.867,-0.01,-0.0,-0.0,-0.922,0.387
99.9,3.338,-2.011,-0.01,-0.0,-0.0,-0.919,0.394
100.15,3.2,-2.156,-0.01,-0.0,-0.0,-0.92,0.393
100.4,3.061,-2.3,-0.01,-0.0,-0.0,-0.92,0.391
100.4,3.061,-2.3,-0.01,-0.0,-0.0,-0.92,0.391
100.4,3.06,-2.301,-0.01,-0.0,-0.0,-0.92,0.391
100.4,3.059,-2.301,-0.01,-0.0,-0.0,-0.92,0.391
100.4,3.059,-2.302,-0.01,-0.0,-0.0,-0.92,0.391
100.4,3.058,-2.303,-0.01,-0.0,-0.0,-0.92,0.391
100.4,3.058,-2.303,-0.01,-0.0,-0.0,-0.92,0.391
100.9,2.783,-2.586,-0.01,-0.0,-0.0,-0.922,0.388
100.9,2.783,-2.587,-0.01,-0.0,-0.0,-0.922,0.388
101.9,2.22,-3.155,-0.01,-0.0,-0.0,-0.924,0.382
101.9,2.219,-3.156,-0.01,-0.0,-0.0,-0.924,0.382
101.9,2.219,-3.156,-0.01,-0.0,-0.0,-0.924,0.382
102.15,2.078,-3.296,-0.01,-0.0,-0.0,-0.925,0.381
102.4,1.935,-3.434,-0.01,-0.0,-0.0,-0.93,0.367
102.4,1.934,-3.435,-0.01,-0.0,-0.0,-0.93,0.367
128.3,-8.96,-8.882,-0.01,-0.0,0.0,-0.709,-0.706
128.55,-8.96,-8.882,-0.01,-0.0,0.0,-0.709,-0.706
128.55,-8.96,-8.882,-0.01,-0.0,0.0,-0.709,-0.706
129.55,-8.96,-8.882,-0.01,-0.0,0.0,-0.709,-0.705
130.3,-8.96,-8.882,-0.01,-0.0,0.0,-0.709,-0.705
130.55,-8.96,-8.882,-0.01,-0.0,0.0,-0.709,-0.705
131.3,-8.96,-8.883,-0.01,-0.0,0.0,-0.71,-0.705
131.3,-8.96,-8.883,-0.01,-0.0,0.0,-0.71,-0.705
131.55,-8.96,-8.883,-0.01,-0.0,0.0,-0.71,-0.704
131.8,-8.96,-8.883,-0.01,-0.0,0.0,-0.71,-0.704
132.55,-8.96,-8.883,-0.01,-0.0,0.0,-0.71,-0.704
132.55,-8.96,-8.883,-0.01,-0.0,0.0,-0.71,-0.704
132.55,-8.96,-8.883,-0.01,-0.0,0.0,-0.71,-0.704
132.55,-8.96,-8.883,-0.01,-0.0,0.0,-0.71,-0.704
133.05,-8.96,-8.883,-0.01,-0.0,0.0,-0.71,-0.704
133.05,-8.96,-8.883,-0.01,-0.0,0.0,-0.71,-0.704
133.3,-8.96,-8.883,-0.01,-0.0,0.0,-0.711,-0.704
133.55,-8.96,-8.883,-0.01,-0.0,0.0,-0.711,-0.703
133.8,-8.96,-8.883,-0.01,-0.0,0.0,-0.711,-0.703
133.8,-8.96,-8.883,-0.01,-0.0,0.0,-0.711,-0.703
134.55,-8.96,-8.883,-0.01,-0.0,0.0,-0.711,-0.703
137.05,-8.96,-8.883,-0.01,-0.0,0.0,-0.713,-0.701
137.05,-8.96,-8.883,-0.01,-0.0,0.0,-0.713,-0.701
137.3,-8.96,-8.883,-0.01,-0.0,0.0,-0.713,-0.701
137.55,-8.96,-8.883,-0.01,-0.0,0.0,-0.713,-0.701
137.55,-8.96,-8.883,-0.01,-0.0,0.0,-0.713,-0.701
138.55,-8.96,-8.883,-0.01,-0.0,0.0,-0.714,-0.701
138.55,-8.96,-8.883,-0.01,-0.0,0.0,-0.714,-0.701
139.05,-8.96,-8.883,-0.01,-0.0,0.0,-0.714,-0.7
139.05,-8.96,-8.883,-0.01,-0.0,0.0,-0.714,-0.7
140.3,-8.959,-8.883,-0.01,-0.0,-0.0,-0.715,-0.699
140.55,-8.959,-8.884,-0.01,-0.0,-0.0,-0.715,-0.699
141.3,-8.959,-8.884,-0.01,-0.0,-0.0,-0.716,-0.698
141.55,-8.959,-8.884,-0.01,-0.0,-0.0,-0.716,-0.698
141.55,-8.959,-8.884,-0.01,-0.0,-0.0,-0.716,-0.698
142.3,-8.959,-8.884,-0.01,-0.0,-0.0,-0.717,-0.698
142.55,-8.959,-8.884,-0.01,-0.0,-0.0,-0.717,-0.697
143.8,-8.959,-8.884,-0.01,-0.0,-0.0,-0.718,-0.696
144.05,-8.959,-8.884,-0.01,-0.0,-0.0,-0.718,-0.696
144.8,-8.959,-8.884,-0.01,-0.0,0.0,-0.719,-0.695
145.05,-8.959,-8.884,-0.01,-0.0,0.0,-0.719,-0.695
145.8,-8.959,-8.884,-0.01,-0.0,0.0,-0.719,-0.695
145.8,-8.959,-8.884,-0.01,-0.0,0.0,-0.719,-0.695
146.05,-8.959,-8.884,-0.01,-0.0,0.0,-0.72,-0.694
146.05,-8.959,-8.884,-0.01,-0.0,0.0,-0.72,-0.694
146.3,-8.959,-8.884,-0.01,-0.0,0.0,-0.72,-0.694
146.8,-8.959,-8.885,-0.01,-0.0,0.0,-0.72,-0.694
147.55,-8.959,-8.885,-0.01,-0.0,0.0,-0.721,-0.693
147.8,-8.959,-8.885,-0.01,-0.0,0.0,-0.721,-0.693
147.8,-8.959,-8.885,-0.01,-0.0,0.0,-0.721,-0.693
148.05,-8.959,-8.885,-0.01,-0.0,0.0,-0.721,-0.693
148.05,-8.959,-8.885,-0.01,-0.0,0.0,-0.721,-0.693
148.05,-8.959,-8.885,-0.01,-0.0,0.0,-0.721,-0.693
148.3,-8.959,-8.885,-0.01,-0.0,0.0,-0.722,-0.692
149.55,-8.959,-8.885,-0.01,-0.0,0.0,-0.723,-0.691
149.55,-8.959,-8.885,-0.01,-0.0,0.0,-0.723,-0.691
149.55,-8.959,-8.885,-0.01,-0.0,0.0,-0.723,-0.691
149.55,-8.959,-8.885,-0.01,-0.0,0.0,-0.723,-0.691
149.55,-8.959,-8.885,-0.01,-0.0,0.0,-0.723,-0.691
150.3,-8.959,-8.885,-0.01,-0.0,0.0,-0.723,-0.691
150.8,-8.959,-8.885,-0.01,-0.0,0.0,-0.724,-0.69
151.3,-8.959,-8.885,-0.01,-0.0,0.0,-0.724,-0.69
151.55,-8.959,-8.885,-0.01,-0.0,0.0,-0.724,-0.69
151.55,-8.959,-8.885,-0.01,-0.0,0.0,-0.724,-0.69
151.55,-8.959,-8.885,-0.01,-0.0,0.0,-0.724,-0.69
151.55,-8.959,-8.885,-0.01,-0.0,0.0,-0.724,-0.69
151.55,-8.959,-8.885,-0.01,-0.0,0.0,-0.724,-0.69
152.55,-8.959,-8.885,-0.01,-0.0,0.0,-0.725,-0.689
152.8,-8.959,-8.885,-0.01,-0.0,0.0,-0.725,-0.688
152.8,-8.959,-8.885,-0.01,-0.0,0.0,-0.725,-0.688
152.8,-8.959,-8.885,-0.01,-0.0,0.0,-0.725,-0.688
152.8,-8.959,-8.885,-0.01,-0.0,0.0,-0.725,-0.688
153.05,-8.959,-8.885,-0.01,-0.0,0.0,-0.725,-0.688
153.05,-8.959,-8.885,-0.01,-0.0,0.0,-0.725,-0.688
153.05,-8.959,-8.885,-0.01,-0.0,0.0,-0.725,-0.688
153.05,-8.959,-8.885,-0.01,-0.0,0.0,-0.725,-0.688
153.05,-8.959,-8.885,-0.01,-0.0,0.0,-0.725,-0.688
153.3,-8.959,-8.885,-0.01,-0.0,0.0,-0.726,-0.688
153.3,-8.959,-8.885,-0.01,-0.0,0.0,-0.726,-0.688
154.05,-8.959,-8.885,-0.01,-0.0,0.0,-0.726,-0.687
154.05,-8.959,-8.885,-0.01,-0.0,0.0,-0.726,-0.687
154.55,-8.959,-8.885,-0.01,-0.0,0.0,-0.727,-0.687
154.55,-8.959,-8.885,-0.01,-0.0,0.0,-0.727,-0.687
155.3,-8.959,-8.885,-0.01,-0.0,0.0,-0.727,-0.686
155.3,-8.959,-8.885,-0.01,-0.0,0.0,-0.727,-0.686
155.55,-8.959,-8.885,-0.01,-0.0,0.0,-0.728,-0.686
156.05,-8.959,-8.885,-0.01,-0.0,0.0,-0.728,-0.686
156.3,-8.959,-8.885,-0.01,-0.0,0.0,-0.728,-0.685
156.55,-8.959,-8.885,-0.01,-0.0,0.0,-0.728,-0.685
156.55,-8.959,-8.885,-0.01,-0.0,0.0,-0.728,-0.685
156.55,-8.959,-8.885,-0.01,-0.0,0.0,-0.728,-0.685
156.8,-8.959,-8.885,-0.01,-0.0,0.0,-0.729,-0.685
156.8,-8.959,-8.885,-0.01,-0.0,0.0,-0.729,-0.685
157.05,-8.959,-8.885,-0.01,-0.0,0.0,-0.729,-0.685
157.05,-8.959,-8.885,-0.01,-0.0,0.0,-0.729,-0.685
157.05,-8.959,-8.885,-0.01,-0.0,0.0,-0.729,-0.685
157.3,-8.959,-8.885,-0.01,-0.0,0.0,-0.729,-0.685
157.3,-8.959,-8.885,-0.01,-0.0,0.0,-0.729,-0.685
157.55,-8.959,-8.885,-0.01,-0.0,0.0,-0.729,-0.684
157.8,-8.959,-8.885,-0.01,-0.0,0.0,-0.729,-0.684
158.05,-8.959,-8.885,-0.01,-0.0,0.0,-0.73,-0.684
158.55,-8.959,-8.885,-0.01,-0.0,0.0,-0.73,-0.683
158.55,-8.959,-8.885,-0.01,-0.0,0.0,-0.73,-0.683
159.05,-8.959,-8.885,-0.01,-0.0,0.0,-0.73,-0.683
159.05,-8.959,-8.885,-0.01,-0.0,0.0,-0.73,-0.683
159.05,-8.959,-8.885,-0.01,-0.0,0.0,-0.73,-0.683
159.55,-8.959,-8.885,-0.01,-0.0,0.0,-0.731,-0.683
159.8,-8.959,-8.885,-0.01,-0.0,0.0,-0.731,-0.682
160.05,-8.959,-8.885,-0.01,-0.0,0.0,-0.731,-0.682
160.05,-8.959,-8.885,-0.01,-0.0,0.0,-0.731,-0.682
160.8,-8.959,-8.885,-0.01,-0.0,0.0,-0.732,-0.681
161.05,-8.959,-8.885,-0.01,-0.0,0.0,-0.732,-0.681
161.3,-8.959,-8.885,-0.01,-0.0,0.0,-0.732,-0.681
161.55,-8.959,-8.885,-0.01,-0.0,0.0,-0.732,-0.681
161.8,-8.959,-8.885,-0.01,-0.0,0.0,-0.733,-0.681
161.8,-8.959,-8.885,-0.01,-0.0,0.0,-0.733,-0.681
162.8,-8.959,-8.886,-0.01,-0.0,0.0,-0.733,-0.68
163.05,-8.959,-8.886,-0.01,-0.0,0.0,-0.734,-0.68
163.05,-8.959,-8.886,-0.01,-0.0,0.0,-0.734,-0.68
163.55,-8.959,-8.886,-0.01,-0.0,0.0,-0.734,-0.679
163.55,-8.959,-8.886,-0.01,-0.0,0.0,-0.734,-0.679
164.05,-8.959,-8.886,-0.01,-0.0,0.0,-0.734,-0.679
164.3,-8.959,-8.886,-0.01,-0.0,0.0,-0.735,-0.679
164.55,-8.959,-8.886,-0.01,-0.0,0.0,-0.735,-0.678
164.8,-8.959,-8.886,-0.01,-0.0,0.0,-0.735,-0.678
165.3,-8.959,-8.886,-0.01,-0.0,0.0,-0.735,-0.678
165.55,-8.959,-8.886,-0.01,-0.0,0.0,-0.735,-0.678
166.05,-8.959,-8.886,-0.01,-0.0,0.0,-0.736,-0.677
166.3,-8.959,-8.886,-0.01,-0.0,0.0,-0.736,-0.677
167.05,-8.959,-8.886,-0.01,-0.0,0.0,-0.737,-0.676
167.05,-8.959,-8.886,-0.01,-0.0,0.0,-0.737,-0.676
167.05,-8.959,-8.886,-0.01,-0.0,0.0,-0.737,-0.676
167.55,-8.959,-8.886,-0.01,-0.0,0.0,-0.737,-0.676
167.55,-8.959,-8.886,-0.01,-0.0,0.0,-0.737,-0.676
167.55,-8.959,-8.886,-0.01,-0.0,0.0,-0.737,-0.676
167.55,-8.959,-8.886,-0.01,-0.0,0.0,-0.737,-0.676
167.55,-8.959,-8.886,-0.01,-0.0,0.0,-0.737,-0.676
167.55,-8.959,-8.886,-0.01,-0.0,0.0,-0.737,-0.676
168.3,-8.959,-8.886,-0.01,-0.0,0.0,-0.737,-0.675
168.55,-8.959,-8.886,-0.01,-0.0,0.0,-0.738,-0.675
168.8,-8.959,-8.886,-0.01,-0.0,0.0,-0.738,-0.675
168.8,-8.959,-8.886,-0.01,-0.0,0.0,-0.738,-0.675
169.05,-8.959,-8.886,-0.01,-0.0,0.0,-0.738,-0.675
169.05,-8.959,-8.886,-0.01,-0.0,0.0,-0.738,-0.675
169.55,-8.959,-8.886,-0.01,-0.0,0.0,-0.738,-0.674
169.55,-8.959,-8.886,-0.01,-0.0,0.0,-0.738,-0.674
169.8,-8.959,-8.886,-0.01,-0.0,0.0,-0.739,-0.674
170.3,-8.959,-8.886,-0.01,-0.0,0.0,-0.739,-0.674
170.3,-8.959,-8.886,-0.01,-0.0,0.0,-0.739,-0.674
171.05,-8.959,-8.886,-0.01,-0.0,0.0,-0.739,-0.673
171.55,-8.959,-8.886,-0.01,-0.0,0.0,-0.74,-0.673
172.05,-8.959,-8.886,-0.01,-0.0,0.0,-0.74,-0.673
172.3,-8.959,-8.886,-0.01,-0.0,0.0,-0.74,-0.672
172.3,-8.959,-8.886,-0.01,-0.0,0.0,-0.74,-0.672
172.3,-8.959,-8.886,-0.01,-0.0,0.0,-0.74,-0.672
172.3,-8.959,-8.886,-0.01,-0.0,0.0,-0.74,-0.672
172.3,-8.959,-8.886,-0.01,-0.0,0.0,-0.74,-0.672
172.55,-8.959,-8.886,-0.01,-0.0,0.0,-0.74,-0.672
172.55,-8.959,-8.886,-0.01,-0.0,0.0,-0.74,-0.672
172.8,-8.959,-8.886,-0.01,-0.0,0.0,-0.741,-0.672
172.8,-8.959,-8.886,-0.01,-0.0,0.0,-0.741,-0.672
172.8,-8.959,-8.886,-0.01,-0.0,0.0,-0.741,-0.672
172.8,-8.959,-8.886,-0.01,-0.0,0.0,-0.741,-0.672
172.8,-8.959,-8.886,-0.01,-0.0,0.0,-0.741,-0.672
173.3,-8.959,-8.886,-0.01,-0.0,0.0,-0.741,-0.672
173.3,-8.959,-8.886,-0.01,-0.0,0.0,-0.741,-0.672
173.55,-8.959,-8.886,-0.01,-0.0,0.0,-0.741,-0.671
173.8,-8.959,-8.886,-0.01,-0.0,0.0,-0.741,-0.671
173.8,-8.959,-8.886,-0.01,-0.0,0.0,-0.741,-0.671
174.05,-8.959,-8.886,-0.01,-0.0,0.0,-0.741,-0.671
174.3,-8.959,-8.886,-0.01,-0.0,0.0,-0.742,-0.671
174.55,-8.959,-8.886,-0.01,-0.0,0.0,-0.742,-0.671
174.55,-8.959,-8.886,-0.01,-0.0,0.0,-0.742,-0.671
174.55,-8.959,-8.886,-0.01,-0.0,0.0,-0.742,-0.671
174.8,-8.959,-8.886,-0.01,-0.0,0.0,-0.742,-0.671
175.05,-8.959,-8.886,-0.01,-0.0,0.0,-0.742,-0.67
175.05,-8.959,-8.886,-0.01,-0.0,0.0,-0.742,-0.67
175.05,-8.959,-8.886,-0.01,-0.0,0.0,-0.742,-0.67
175.8,-8.959,-8.886,-0.01,-0.0,0.0,-0.743,-0.67
176.05,-8.959,-8.886,-0.01,-0.0,0.0,-0.743,-0.67
177.05,-8.959,-8.886,-0.01,-0.0,0.0,-0.743,-0.669
177.3,-8.959,-8.886,-0.01,-0.0,0.0,-0.743,-0.669
177.3,-8.959,-8.886,-0.01,-0.0,0.0,-0.743,-0.669
178.55,-8.959,-8.886,-0.01,-0.0,0.0,-0.744,-0.668
179.8,-8.959,-8.886,-0.01,-0.0,0.0,-0.745,-0.667
180.8,-8.959,-8.886,-0.01,-0.0,0.0,-0.745,-0.667
180.8,-8.959,-8.886,-0.01,-0.0,0.0,-0.745,-0.667
181.55,-8.959,-8.886,-0.01,-0.0,0.0,-0.746,-0.666
181.55,-8.959,-8.886,-0.01,-0.0,0.0,-0.746,-0.666
181.55,-8.959,-8.886,-0.01,-0.0,0.0,-0.746,-0.666
182.8,-8.959,-8.886,-0.01,-0.0,0.0,-0.747,-0.665
184.05,-8.959,-8.886,-0.01,-0.0,0.0,-0.747,-0.665
184.05,-8.959,-8.886,-0.01,-0.0,0.0,-0.747,-0.665
184.3,-8.959,-8.886,-0.01,-0.0,0.0,-0.747,-0.664
184.55,-8.959,-8.886,-0.01,-0.0,0.0,-0.747,-0.664
184.55,-8.959,-8.886,-0.01,-0.0,0.0,-0.747,-0.664
184.55,-8.959,-8.886,-0.01,-0.0,0.0,-0.747,-0.664
184.55,-8.959,-8.886,-0.01,-0.0,0.0,-0.747,-0.664
185.05,-8.959,-8.886,-0.01,-0.0,0.0,-0.748,-0.664
185.55,-8.959,-8.886,-0.01,-0.0,0.0,-0.748,-0.664
186.3,-8.959,-8.886,-0.01,-0.0,0.0,-0.748,-0.663
186.55,-8.959,-8.886,-0.01,-0.0,0.0,-0.748,-0.663
186.55,-8.959,-8.886,-0.01,-0.0,0.0,-0.748,-0.663
186.55,-8.959,-8.886,-0.01,-0.0,0.0,-0.748,-0.663
186.55,-8.959,-8.886,-0.01,-0.0,0.0,-0.748,-0.663
186.8,-8.959,-8.886,-0.01,-0.0,0.0,-0.749,-0.663
187.3,-8.959,-8.886,-0.01,-0.0,0.0,-0.749,-0.663
187.55,-8.959,-8.886,-0.01,-0.0,0.0,-0.749,-0.663
187.55,-8.959,-8.886,-0.01,-0.0,0.0,-0.749,-0.663
188.05,-8.959,-8.886,-0.01,-0.0,0.0,-0.749,-0.662
189.05,-8.959,-8.886,-0.01,-0.0,0.0,-0.75,-0.662
189.05,-8.959,-8.886,-0.01,-0.0,0.0,-0.75,-0.662
189.05,-8.959,-8.886,-0.01,-0.0,0.0,-0.75,-0.662
190.05,-8.959,-8.886,-0.01,-0.0,0.0,-0.75,-0.661
190.05,-8.959,-8.886,-0.01,-0.0,0.0,-0.75,-0.661
190.05,-8.959,-8.886,-0.01,-0.0,0.0,-0.75,-0.661
190.05,-8.959,-8.886,-0.01,-0.0,0.0,-0.75,-0.661
190.05,-8.959,-8.886,-0.01,-0.0,0.0,-0.75,-0.661
190.05,-8.959,-8.886,-0.01,-0.0,0.0,-0.75,-0.661
190.05,-8.959,-8.886,-0.01,-0.0,0.0,-0.75,-0.661
190.05,-8.959,-8.886,-0.01,-0.0,0.0,-0.75,-0.661
190.05,-8.959,-8.886,-0.01,-0.0,0.0,-0.75,-0.661
190.05,-8.959,-8.886,-0.01,-0.0,0.0,-0.75,-0.661
190.05,-8.959,-8.886,-0.01,-0.0,0.0,-0.75,-0.661
190.05,-8.959,-8.886,-0.01,-0.0,0.0,-0.75,-0.661
190.05,-8.959,-8.886,-0.01,-0.0,0.0,-0.75,-0.661
191.3,-8.959,-8.886,-0.01,-0.0,0.0,-0.751,-0.661
192.8,-8.959,-8.886,-0.01,-0.0,0.0,-0.751,-0.66
193.55,-8.959,-8.886,-0.01,-0.0,0.0,-0.751,-0.66
193.55,-8.959,-8.886,-0.01,-0.0,0.0,-0.751,-0.66
193.55,-8.959,-8.886,-0.01,-0.0,0.0,-0.751,-0.66
193.55,-8.959,-8.886,-0.01,-0.0,0.0,-0.751,-0.66
193.55,-8.959,-8.886,-0.01,-0.0,0.0,-0.751,-0.66
193.55,-8.959,-8.886,-0.01,-0.0,0.0,-0.751,-0.66
193.55,-8.959,-8.886,-0.01,-0.0,0.0,-0.751,-0.66
194.05,-8.959,-8.886,-0.01,-0.0,0.0,-0.752,-0.66
194.3,-8.959,-8.886,-0.01,-0.0,0.0,-0.752,-0.66
194.3,-8.959,-8.886,-0.01,-0.0,0.0,-0.752,-0.66
194.3,-8.959,-8.886,-0.01,-0.0,0.0,-0.752,-0.66
194.55,-8.959,-8.886,-0.01,-0.0,0.0,-0.752,-0.659
194.8,-8.959,-8.886,-0.01,-0.0,0.0,-0.752,-0.659
195.05,-8.959,-8.886,-0.01,-0.0,0.0,-0.752,-0.659
195.8,-8.959,-8.886,-0.01,-0.0,0.0,-0.752,-0.659
196.05,-8.959,-8.886,-0.01,-0.0,0.0,-0.752,-0.659
196.05,-8.959,-8.886,-0.01,-0.0,0.0,-0.752,-0.659
196.05,-8.959,-8.886,-0.01,-0.0,0.0,-0.752,-0.659
196.55,-8.959,-8.886,-0.01,-0.0,0.0,-0.753,-0.659
196.55,-8.959,-8.886,-0.01,-0.0,0.0,-0.753,-0.659
196.8,-8.959,-8.886,-0.01,-0.0,0.0,-0.753,-0.658
196.8,-8.959,-8.886,-0.01,-0.0,0.0,-0.753,-0.658
196.8,-8.959,-8.886,-0.01,-0.0,0.0,-0.753,-0.658
196.8,-8.959,-8.886,-0.01,-0.0,0.0,-0.753,-0.658
196.8,-8.959,-8.886,-0.01,-0.0,0.0,-0.753,-0.658
197.05,-8.959,-8.886,-0.01,-0.0,0.0,-0.753,-0.658
197.3,-8.959,-8.886,-0.01,-0.0,0.0,-0.753,-0.658
197.55,-8.959,-8.886,-0.01,-0.0,0.0,-0.753,-0.658
197.55,-8.959,-8.886,-0.01,-0.0,0.0,-0.753,-0.658
197.55,-8.959,-8.886,-0.01,-0.0,0.0,-0.753,-0.658
197.8,-8.959,-8.886,-0.01,-0.0,0.0,-0.753,-0.658
198.3,-8.959,-8.886,-0.01,-0.0,0.0,-0.753,-0.658
198.3,-8.959,-8.886,-0.01,-0.0,0.0,-0.753,-0.658
198.8,-8.959,-8.886,-0.01,-0.0,0.0,-0.753,-0.658
199.05,-8.959,-8.886,-0.01,-0.0,0.0,-0.753,-0.658
199.55,-8.959,-8.886,-0.01,-0.0,0.0,-0.754,-0.657
199.55,-8.959,-8.886,-0.01,-0.0,0.0,-0.754,-0.657
199.55,-8.959,-8.886,-0.01,-0.0,0.0,-0.754,-0.657
199.55,-8.959,-8.886,-0.01,-0.0,0.0,-0.754,-0.657
199.8,-8.959,-8.886,-0.01,-0.0,0.0,-0.754,-0.657
200.3,-8.959,-8.886,-0.01,-0.0,0.0,-0.754,-0.657
200.8,-8.959,-8.886,-0.01,-0.0,0.0,-0.754,-0.657
202.05,-8.959,-8.886,-0.01,-0.0,0.0,-0.754,-0.657
202.55,-8.959,-8.886,-0.01,-0.0,0.0,-0.754,-0.656
202.8,-8.959,-8.886,-0.01,-0.0,0.0,-0.755,-0.656
202.8,-8.959,-8.886,-0.01,-0.0,0.0,-0.755,-0.656
203.05,-8.959,-8.886,-0.01,-0.0,0.0,-0.755,-0.656
203.55,-8.959,-8.886,-0.01,-0.0,0.0,-0.755,-0.656
203.55,-8.959,-8.886,-0.01,-0.0,0.0,-0.755,-0.656
203.8,-8.959,-8.886,-0.01,-0.0,0.0,-0.755,-0.656
203.8,-8.959,-8.886,-0.01,-0.0,0.0,-0.755,-0.656
204.05,-8.959,-8.886,-0.01,-0.0,0.0,-0.755,-0.656
204.05,-8.959,-8.886,-0.01,-0.0,0.0,-0.755,-0.656
204.05,-8.959,-8.886,-0.01,-0.0,0.0,-0.755,-0.656
204.05,-8.959,-8.886,-0.01,-0.0,0.0,-0.755,-0.656
204.05,-8.959,-8.886,-0.01,-0.0,0.0,-0.755,-0.656
204.05,-8.959,-8.886,-0.01,-0.0,0.0,-0.755,-0.656
256.85,-8.959,-8.888,-0.01,-0.0,0.0,-0.763,-0.647
257.1,-8.959,-8.888,-0.01,-0.0,0.0,-0.763,-0.647
257.1,-8.959,-8.888,-0.01,-0.0,0.0,-0.763,-0.647
257.35,-8.959,-8.888,-0.01,-0.0,0.0,-0.763,-0.647
257.35,-8.959,-8.888,-0.01,-0.0,0.0,-0.763,-0.647
257.35,-8.959,-8.888,-0.01,-0.0,0.0,-0.763,-0.647
257.35,-8.959,-8.888,-0.01,-0.0,0.0,-0.763,-0.647
257.35,-8.959,-8.888,-0.01,-0.0,0.0,-0.763,-0.647
257.35,-8.959,-8.888,-0.01,-0.0,0.0,-0.763,-0.647
257.35,-8.959,-8.888,-0.01,-0.0,0.0,-0.763,-0.647
257.35,-8.959,-8.888,-0.01,-0.0,0.0,-0.763,-0.647
257.35,-8.959,-8.888,-0.01,-0.0,0.0,-0.763,-0.647
257.35,-8.959,-8.888,-0.01,-0.0,0.0,-0.763,-0.647
257.35,-8.959,-8.888,-0.01,-0.0,0.0,-0.763,-0.647
257.35,-8.959,-8.888,-0.01,-0.0,0.0,-0.763,-0.647
257.85,-8.959,-8.888,-0.01,-0.0,0.0,-0.763,-0.647
258.6,-8.959,-8.888,-0.01,-0.0,0.0,-0.763,-0.647
258.85,-8.959,-8.888,-0.01,-0.0,0.0,-0.763,-0.647
259.35,-8.959,-8.888,-0.01,-0.0,0.0,-0.763,-0.647
260.1,-8.959,-8.888,-0.01,-0.0,0.0,-0.763,-0.647
260.35,-8.959,-8.888,-0.01,-0.0,0.0,-0.763,-0.646
260.6,-8.959,-8.888,-0.01,-0.0,0.0,-0.763,-0.646
260.85,-8.959,-8.888,-0.01,-0.0,0.0,-0.763,-0.646
262.1,-8.959,-8.888,-0.01,-0.0,0.0,-0.763,-0.646
262.35,-8.959,-8.888,-0.01,-0.0,0.0,-0.763,-0.646
262.6,-8.959,-8.888,-0.01,-0.0,0.0,-0.763,-0.646
262.85,-8.959,-8.888,-0.01,-0.0,0.0,-0.763,-0.646
262.85,-8.959,-8.888,-0.01,-0.0,0.0,-0.763,-0.646
262.85,-8.959,-8.888,-0.01,-0.0,0.0,-0.763,-0.646
263.6,-8.959,-8.888,-0.01,-0.0,0.0,-0.763,-0.646
263.6,-8.959,-8.888,-0.01,-0.0,0.0,-0.763,-0.646
263.85,-8.959,-8.888,-0.01,-0.0,0.0,-0.763,-0.646
264.1,-8.959,-8.888,-0.01,-0.0,0.0,-0.763,-0.646
264.35,-8.959,-8.888,-0.01,-0.0,0.0,-0.763,-0.646
264.35,-8.959,-8.888,-0.01,-0.0,0.0,-0.763,-0.646
264.85,-8.959,-8.888,-0.01,-0.0,0.0,-0.763,-0.646
264.85,-8.959,-8.888,-0.01,-0.0,0.0,-0.763,-0.646
265.1,-8.959,-8.888,-0.01,-0.0,0.0,-0.763,-0.646
265.1,-8.959,-8.888,-0.01,-0.0,0.0,-0.763,-0.646
265.35,-8.959,-8.888,-0.01,-0.0,0.0,-0.763,-0.646
265.35,-8.959,-8.888,-0.01,-0.0,0.0,-0.763,-0.646
265.85,-8.959,-8.888,-0.01,-0.0,0.0,-0.763,-0.646
265.85,-8.959,-8.888,-0.01,-0.0,0.0,-0.763,-0.646
265.85,-8.959,-8.888,-0.01,-0.0,0.0,-0.763,-0.646
266.1,-8.959,-8.889,-0.01,-0.0,0.0,-0.763,-0.646
266.35,-8.959,-8.889,-0.01,-0.0,0.0,-0.763,-0.646
266.35,-8.959,-8.889,-0.01,-0.0,0.0,-0.763,-0.646
266.85,-8.959,-8.889,-0.01,-0.0,0.0,-0.763,-0.646
266.85,-8.959,-8.889,-0.01,-0.0,0.0,-0.763,-0.646
267.35,-8.959,-8.889,-0.01,-0.0,0.0,-0.763,-0.646
267.35,-8.959,-8.889,-0.01,-0.0,0.0,-0.763,-0.646
267.6,-8.959,-8.889,-0.01,-0.0,0.0,-0.763,-0.646
268.1,-8.959,-8.889,-0.01,-0.0,0.0,-0.763,-0.646
268.35,-8.959,-8.889,-0.01,-0.0,0.0,-0.764,-0.646
268.85,-8.959,-8.889,-0.01,-0.0,0.0,-0.764,-0.646
269.6,-8.959,-8.889,-0.01,-0.0,0.0,-0.764,-0.646
269.85,-8.959,-8.889,-0.01,-0.0,0.0,-0.764,-0.646
271.1,-8.959,-8.889,-0.01,-0.0,0.0,-0.764,-0.646
271.1,-8.959,-8.889,-0.01,-0.0,0.0,-0.764,-0.646
271.6,-8.959,-8.889,-0.01,-0.0,0.0,-0.764,-0.646
271.6,-8.959,-8.889,-0.01,-0.0,0.0,-0.764,-0.646
271.85,-8.959,-8.889,-0.01,-0.0,0.0,-0.764,-0.646
271.85,-8.959,-8.889,-0.01,-0.0,0.0,-0.764,-0.646
272.35,-8.959,-8.889,-0.01,-0.0,0.0,-0.764,-0.645
272.6,-8.959,-8.889,-0.01,-0.0,0.0,-0.764,-0.645
272.85,-8.959,-8.889,-0.01,-0.0,0.0,-0.764,-0.645
272.85,-8.959,-8.889,-0.01,-0.0,0.0,-0.764,-0.645
273.85,-8.959,-8.889,-0.01,-0.0,0.0,-0.764,-0.645
274.1,-8.959,-8.889,-0.01,-0.0,0.0,-0.764,-0.645
275.1,-8.959,-8.889,-0.01,-0.0,0.0,-0.764,-0.645
275.1,-8.959,-8.889,-0.01,-0.0,0.0,-0.764,-0.645
275.35,-8.959,-8.889,-0.01,-0.0,0.0,-0.764,-0.645
275.35,-8.959,-8.889,-0.01,-0.0,0.0,-0.764,-0.645
275.35,-8.959,-8.889,-0.01,-0.0,0.0,-0.764,-0.645
275.35,-8.959,-8.889,-0.01,-0.0,0.0,-0.764,-0.645
275.85,-8.959,-8.889,-0.01,-0.0,0.0,-0.764,-0.645
276.1,-8.959,-8.889,-0.01,-0.0,0.0,-0.764,-0.645
276.1,-8.959,-8.889,-0.01,-0.0,0.0,-0.764,-0.645
276.35,-8.959,-8.889,-0.01,-0.0,0.0,-0.764,-0.645
276.35,-8.959,-8.889,-0.01,-0.0,0.0,-0.764,-0.645
276.35,-8.959,-8.889,-0.01,-0.0,0.0,-0.764,-0.645
276.6,-8.959,-8.889,-0.01,-0.0,0.0,-0.764,-0.645
276.6,-8.959,-8.889,-0.01,-0.0,0.0,-0.764,-0.645
276.6,-8.959,-8.889,-0.01,-0.0,0.0,-0.764,-0.645
276.85,-8.959,-8.889,-0.01,-0.0,0.0,-0.764,-0.645
277.6,-8.959,-8.889,-0.01,-0.0,0.0,-0.764,-0.645
278.1,-8.959,-8.889,-0.01,-0.0,0.0,-0.764,-0.645
278.35,-8.959,-8.889,-0.01,-0.0,0.0,-0.764,-0.645
278.35,-8.959,-8.889,-0.01,-0.0,0.0,-0.764,-0.645
278.85,-8.959,-8.889,-0.01,-0.0,0.0,-0.764,-0.645
279.35,-8.959,-8.889,-0.01,-0.0,0.0,-0.764,-0.645
279.6,-8.959,-8.889,-0.01,-0.0,0.0,-0.764,-0.645
279.6,-8.959,-8.889,-0.01,-0.0,0.0,-0.764,-0.645
281.1,-8.959,-8.889,-0.01,-0.0,0.0,-0.764,-0.645
281.35,-8.959,-8.889,-0.01,-0.0,0.0,-0.764,-0.645
281.85,-8.959,-8.889,-0.01,-0.0,0.0,-0.764,-0.645
282.6,-8.959,-8.889,-0.01,-0.0,0.0,-0.764,-0.645
282.6,-8.959,-8.889,-0.01,-0.0,0.0,-0.764,-0.645
284.85,-8.959,-8.889,-0.01,-0.0,0.0,-0.765,-0.645
285.1,-8.959,-8.889,-0.01,-0.0,0.0,-0.765,-0.645
285.1,-8.959,-8.889,-0.01,-0.0,0.0,-0.765,-0.645
285.1,-8.959,-8.889,-0.01,-0.0,0.0,-0.765,-0.645
285.1,-8.959,-8.889,-0.01,-0.0,0.0,-0.765,-0.645
285.1,-8.959,-8.889,-0.01,-0.0,0.0,-0.765,-0.645
286.6,-8.959,-8.889,-0.01,-0.0,0.0,-0.765,-0.644
287.35,-8.959,-8.889,-0.01,-0.0,0.0,-0.765,-0.644
287.6,-8.959,-8.889,-0.01,-0.0,0.0,-0.765,-0.644
287.85,-8.959,-8.889,-0.01,-0.0,0.0,-0.765,-0.644
288.35,-8.959,-8.889,-0.01,-0.0,0.0,-0.765,-0.644
288.35,-8.959,-8.889,-0.01,-0.0,0.0,-0.765,-0.644
288.6,-8.959,-8.889,-0.01,-0.0,0.0,-0.765,-0.644
288.6,-8.959,-8.889,-0.01,-0.0,0.0,-0.765,-0.644
288.6,-8.959,-8.889,-0.01,-0.0,0.0,-0.765,-0.644
289.1,-8.959,-8.889,-0.01,-0.0,0.0,-0.765,-0.644
289.1,-8.959,-8.889,-0.01,-0.0,0.0,-0.765,-0.644
289.6,-8.959,-8.889,-0.01,-0.0,0.0,-0.765,-0.644
289.6,-8.959,-8.889,-0.01,-0.0,0.0,-0.765,-0.644
289.6,-8.959,-8.889,-0.01,-0.0,0.0,-0.765,-0.644
289.85,-8.959,-8.889,-0.01,-0.0,0.0,-0.765,-0.644
290.35,-8.959,-8.889,-0.01,-0.0,0.0,-0.765,-0.644
290.35,-8.959,-8.889,-0.01,-0.0,0.0,-0.765,-0.644
290.6,-8.959,-8.889,-0.01,-0.0,0.0,-0.765,-0.644
291.6,-8.959,-8.89,-0.01,-0.0,0.0,-0.765,-0.644
291.6,-8.959,-8.89,-0.01,-0.0,0.0,-0.765,-0.644
291.6,-8.959,-8.89,-0.01,-0.0,0.0,-0.765,-0.644
291.85,-8.959,-8.89,-0.01,-0.0,0.0,-0.765,-0.644
292.1,-8.959,-8.89,-0.01,-0.0,0.0,-0.765,-0.644
292.1,-8.959,-8.89,-0.01,-0.0,0.0,-0.765,-0.644
292.35,-8.959,-8.89,-0.01,-0.0,0.0,-0.765,-0.644
292.6,-8.959,-8.89,-0.01,-0.0,0.0,-0.765,-0.644
292.85,-8.959,-8.89,-0.01,-0.0,0.0,-0.765,-0.644
292.85,-8.959,-8.89,-0.01,-0.0,0.0,-0.765,-0.644
292.85,-8.959,-8.89,-0.01,-0.0,0.0,-0.765,-0.644
295.6,-8.959,-8.89,-0.01,-0.0,0.0,-0.765,-0.644
295.85,-8.959,-8.89,-0.01,-0.0,0.0,-0.765,-0.644
295.85,-8.959,-8.89,-0.01,-0.0,0.0,-0.765,-0.644
296.35,-8.959,-8.89,-0.01,-0.0,0.0,-0.765,-0.644
296.35,-8.959,-8.89,-0.01,-0.0,0.0,-0.765,-0.644
296.35,-8.959,-8.89,-0.01,-0.0,0.0,-0.765,-0.644
296.35,-8.959,-8.89,-0.01,-0.0,0.0,-0.765,-0.644
296.35,-8.959,-8.89,-0.01,-0.0,0.0,-0.765,-0.644
296.85,-8.959,-8.89,-0.01,-0.0,0.0,-0.765,-0.644
297.35,-8.959,-8.89,-0.01,-0.0,0.0,-0.765,-0.644
298.1,-8.959,-8.89,-0.01,-0.0,0.0,-0.765,-0.644
298.1,-8.959,-8.89,-0.01,-0.0,0.0,-0.765,-0.644
298.1,-8.959,-8.89,-0.01,-0.0,0.0,-0.765,-0.644
298.35,-8.959,-8.89,-0.01,-0.0,0.0,-0.765,-0.644
299.85,-8.959,-8.89,-0.01,-0.0,0.0,-0.765,-0.644
299.85,-8.959,-8.89,-0.01,-0.0,0.0,-0.765,-0.644
299.85,-8.959,-8.89,-0.01,-0.0,0.0,-0.765,-0.644
299.85,-8.959,-8.89,-0.01,-0.0,0.0,-0.765,-0.644
300.1,-8.959,-8.89,-0.01,-0.0,0.0,-0.765,-0.644
300.1,-8.959,-8.89,-0.01,-0.0,0.0,-0.765,-0.644
300.1,-8.959,-8.89,-0.01,-0.0,0.0,-0.765,-0.644
300.1,-8.959,-8.89,-0.01,-0.0,0.0,-0.765,-0.644
300.1,-8.959,-8.89,-0.01,-0.0,0.0,-0.765,-0.644
300.1,-8.959,-8.89,-0.01,-0.0,0.0,-0.765,-0.644
300.1,-8.959,-8.89,-0.01,-0.0,0.0,-0.765,-0.644
300.1,-8.959,-8.89,-0.01,-0.0,0.0,-0.765,-0.644
300.1,-8.959,-8.89,-0.01,-0.0,0.0,-0.765,-0.644
300.1,-8.959,-8.89,-0.01,-0.0,0.0,-0.765,-0.644
300.1,-8.959,-8.89,-0.01,-0.0,0.0,-0.765,-0.644
300.1,-8.959,-8.89,-0.01,-0.0,0.0,-0.765,-0.644
301.35,-8.959,-8.89,-0.01,-0.0,0.0,-0.765,-0.643
301.85,-8.959,-8.89,-0.01,-0.0,0.0,-0.765,-0.643
301.85,-8.959,-8.89,-0.01,-0.0,0.0,-0.765,-0.643
302.35,-8.959,-8.89,-0.01,-0.0,0.0,-0.766,-0.643
304.6,-8.959,-8.89,-0.01,-0.0,0.0,-0.766,-0.643
304.6,-8.959,-8.89,-0.01,-0.0,0.0,-0.766,-0.643
304.85,-8.959,-8.89,-0.01,-0.0,0.0,-0.766,-0.643
305.1,-8.959,-8.89,-0.01,-0.0,0.0,-0.766,-0.643
305.85,-8.959,-8.89,-0.01,-0.0,0.0,-0.766,-0.643
305.85,-8.959,-8.89,-0.01,-0.0,0.0,-0.766,-0.643
305.85,-8.959,-8.89,-0.01,-0.0,0.0,-0.766,-0.643
306.35,-8.959,-8.89,-0.01,-0.0,0.0,-0.766,-0.643
306.6,-8.959,-8.89,-0.01,-0.0,0.0,-0.766,-0.643
307.1,-8.959,-8.89,-0.01,-0.0,0.0,-0.766,-0.643
308.1,-8.959,-8.89,-0.01,-0.0,0.0,-0.766,-0.643
308.35,-8.959,-8.89,-0.01,-0.0,0.0,-0.766,-0.643
308.6,-8.959,-8.89,-0.01,-0.0,0.0,-0.766,-0.643
308.6,-8.959,-8.89,-0.01,-0.0,0.0,-0.766,-0.643
308.6,-8.959,-8.89,-0.01,-0.0,0.0,-0.766,-0.643
308.6,-8.959,-8.89,-0.01,-0.0,0.0,-0.766,-0.643
308.6,-8.959,-8.89,-0.01,-0.0,0.0,-0.766,-0.643
308.6,-8.959,-8.89,-0.01,-0.0,0.0,-0.766,-0.643
308.6,-8.959,-8.89,-0.01,-0.0,0.0,-0.766,-0.643
308.6,-8.959,-8.89,-0.01,-0.0,0.0,-0.766,-0.643
308.6,-8.959,-8.89,-0.01,-0.0,0.0,-0.766,-0.643
308.6,-8.959,-8.89,-0.01,-0.0,0.0,-0.766,-0.643
308.6,-8.959,-8.89,-0.01,-0.0,0.0,-0.766,-0.643
308.6,-8.959,-8.89,-0.01,-0.0,0.0,-0.766,-0.643
308.6,-8.959,-8.89,-0.01,-0.0,0.0,-0.766,-0.643
308.6,-8.959,-8.89,-0.01,-0.0,0.0,-0.766,-0.643
308.6,-8.959,-8.89,-0.01,-0.0,0.0,-0.766,-0.643
308.6,-8.959,-8.89,-0.01,-0.0,0.0,-0.766,-0.643
308.6,-8.959,-8.89,-0.01,-0.0,0.0,-0.766,-0.643
308.6,-8.959,-8.89,-0.01,-0.0,0.0,-0.766,-0.643
309.6,-8.959,-8.89,-0.01,-0.0,0.0,-0.766,-0.643
309.85,-8.959,-8.89,-0.01,-0.0,0.0,-0.766,-0.643
309.85,-8.959,-8.89,-0.01,-0.0,0.0,-0.766,-0.643
310.35,-8.959,-8.89,-0.01,-0.0,0.0,-0.766,-0.643
310.35,-8.959,-8.89,-0.01,-0.0,0.0,-0.766,-0.643
310.85,-8.959,-8.89,-0.01,-0.0,0.0,-0.766,-0.643
311.1,-8.959,-8.89,-0.01,-0.0,0.0,-0.766,-0.643
311.6,-8.959,-8.89,-0.01,-0.0,0.0,-0.766,-0.643
311.6,-8.959,-8.89,-0.01,-0.0,0.0,-0.766,-0.643
312.35,-8.959,-8.89,-0.01,-0.0,0.0,-0.766,-0.643
312.35,-8.959,-8.89,-0.01,-0.0,0.0,-0.766,-0.643
312.35,-8.959,-8.89,-0.01,-0.0,0.0,-0.766,-0.643
312.6,-8.959,-8.89,-0.01,-0.0,0.0,-0.766,-0.643
312.85,-8.959,-8.89,-0.01,-0.0,0.0,-0.766,-0.643
313.1,-8.959,-8.89,-0.01,-0.0,0.0,-0.766,-0.643
313.35,-8.959,-8.89,-0.01,-0.0,0.0,-0.766,-0.643
313.6,-8.959,-8.89,-0.01,-0.0,0.0,-0.766,-0.643
314.35,-8.959,-8.89,-0.01,-0.0,0.0,-0.766,-0.643
314.35,-8.959,-8.89,-0.01,-0.0,0.0,-0.766,-0.643
314.6,-8.959,-8.89,-0.01,-0.0,0.0,-0.766,-0.643
315.1,-8.959,-8.89,-0.01,-0.0,0.0,-0.766,-0.643
315.1,-8.959,-8.89,-0.01,-0.0,0.0,-0.766,-0.643
315.1,-8.959,-8.89,-0.01,-0.0,0.0,-0.766,-0.643
315.1,-8.959,-8.89,-0.01,-0.0,0.0,-0.766,-0.643
315.35,-8.959,-8.89,-0.01,-0.0,0.0,-0.766,-0.643
315.85,-8.959,-8.89,-0.01,-0.0,0.0,-0.766,-0.643
316.1,-8.959,-8.891,-0.01,-0.0,0.0,-0.766,-0.643
316.85,-8.959,-8.891,-0.01,-0.0,0.0,-0.766,-0.643
317.1,-8.959,-8.891,-0.01,-0.0,0.0,-0.766,-0.643
317.1,-8.959,-8.891,-0.01,-0.0,0.0,-0.766,-0.643
317.35,-8.959,-8.891,-0.01,-0.0,0.0,-0.766,-0.643
317.35,-8.959,-8.891,-0.01,-0.0,0.0,-0.766,-0.643
317.6,-8.959,-8.891,-0.01,-0.0,0.0,-0.766,-0.643
318.35,-8.959,-8.891,-0.01,-0.0,0.0,-0.766,-0.642
318.35,-8.959,-8.891,-0.01,-0.0,0.0,-0.766,-0.642
318.6,-8.959,-8.891,-0.01,-0.0,0.0,-0.766,-0.642
319.35,-8.959,-8.891,-0.01,-0.0,0.0,-0.766,-0.642
