timestamp,x,y,z,orientation_x,orientation_y,orientation_z,orientation_w,linear_velocity_x,linear_velocity_y,linear_velocity_z,angular_velocity_x,angular_velocity_y,angular_velocity_z
0.026,-0.0,0.0,0.0,0.0,0.0,-0.0,1.0,-0.0,0.0,0.0,0.0,0.0,0.0
0.05,-0.0,0.0,0.0,0.0,0.0,-0.0,1.0,-0.0,0.0,0.0,0.0,0.0,-0.0
0.074,-0.0,0.0,0.0,0.0,0.0,-0.0,1.0,-0.0,0.0,0.0,0.0,0.0,-0.0
0.099,-0.0,0.0,0.0,0.0,0.0,-0.0,1.0,-0.0,0.0,0.0,0.0,0.0,-0.0
0.136,0.0,0.0,0.0,0.0,0.0,0.0,1.0,0.026,0.0,0.0,0.0,0.0,0.025
0.147,0.002,0.0,0.0,0.0,0.0,0.001,1.0,0.074,0.0,0.0,0.0,0.0,0.06
0.171,0.004,0.0,0.0,0.0,0.0,0.002,1.0,0.122,0.0,0.0,0.0,0.0,0.114
0.196,0.008,0.0,0.0,0.0,0.0,0.004,1.0,0.172,0.0,0.0,0.0,0.0,0.16
0.22,0.013,0.0,0.0,0.0,0.0,0.006,1.0,0.2,0.0,0.0,0.0,0.0,0.159
0.243,0.018,0.0,0.0,0.0,0.0,0.008,1.0,0.201,0.0,0.0,0.0,0.0,0.159
0.268,0.023,0.0,0.0,0.0,0.0,0.01,1.0,0.201,0.0,0.0,0.0,0.0,0.16
0.293,0.028,0.0,0.0,0.0,0.0,0.012,1.0,0.201,0.0,0.0,0.0,0.0,0.16
0.317,0.032,0.0,0.0,0.0,0.0,0.013,1.0,0.201,0.0,0.0,0.0,0.0,0.16
0.336,0.037,0.001,0.0,0.0,0.0,0.015,1.0,0.201,0.0,0.0,0.0,0.0,0.16
0.366,0.042,0.001,0.0,0.0,0.0,0.017,1.0,0.201,0.0,0.0,0.0,0.0,0.161
0.39,0.047,0.001,0.0,0.0,0.0,0.019,1.0,0.201,0.0,0.0,0.0,0.0,0.162
0.408,0.052,0.001,0.0,0.0,0.0,0.021,1.0,0.201,0.0,0.0,0.0,0.0,0.164
0.438,0.057,0.001,0.0,0.0,0.0,0.023,1.0,0.201,0.0,0.0,0.0,0.0,0.165
0.463,0.062,0.002,0.0,0.0,0.0,0.025,1.0,0.201,0.0,0.0,0.0,0.0,0.167
0.487,0.067,0.002,0.0,0.0,0.0,0.027,1.0,0.201,0.0,0.0,0.0,0.0,0.168
0.511,0.071,0.002,0.0,0.0,0.0,0.029,1.0,0.201,0.0,0.0,0.0,0.0,0.17
0.535,0.076,0.002,0.0,0.0,0.0,0.031,1.0,0.201,0.0,0.0,0.0,0.0,0.171
0.559,0.081,0.003,0.0,0.0,0.0,0.034,0.999,0.201,0.0,0.0,0.0,0.0,0.173
0.584,0.086,0.003,0.0,0.0,0.0,0.036,0.999,0.201,0.0,0.0,0.0,0.0,0.174
0.608,0.091,0.003,0.0,0.0,0.0,0.038,0.999,0.201,0.0,0.0,0.0,0.0,0.175
0.633,0.096,0.004,0.0,0.0,0.0,0.04,0.999,0.201,0.0,0.0,0.0,0.0,0.176
0.657,0.101,0.004,0.0,0.0,0.0,0.042,0.999,0.201,0.0,0.0,0.0,0.0,0.177
0.681,0.105,0.005,0.0,0.0,0.0,0.044,0.999,0.201,0.0,0.0,0.0,0.0,0.178
0.705,0.11,0.005,0.0,0.0,0.0,0.046,0.999,0.201,0.0,0.0,0.0,0.0,0.179
0.73,0.115,0.006,0.0,0.0,0.0,0.049,0.999,0.201,0.0,0.0,0.0,0.0,0.18
0.754,0.12,0.006,0.0,0.0,0.0,0.051,0.999,0.201,0.0,0.0,0.0,0.0,0.181
0.778,0.125,0.007,0.0,0.0,0.0,0.053,0.999,0.201,0.0,0.0,0.0,0.0,0.182
0.803,0.13,0.007,0.0,0.0,0.0,0.055,0.998,0.201,0.0,0.0,0.0,0.0,0.182
0.827,0.135,0.008,0.0,0.0,0.0,0.057,0.998,0.201,0.0,0.0,0.0,0.0,0.183
0.851,0.139,0.008,0.0,0.0,0.0,0.06,0.998,0.2,0.0,0.0,0.0,0.0,0.184
0.875,0.144,0.009,0.0,0.0,0.0,0.062,0.998,0.2,0.0,0.0,0.0,0.0,0.185
0.9,0.149,0.009,0.0,0.0,0.0,0.064,0.998,0.2,0.0,0.0,0.0,0.0,0.185
0.924,0.154,0.01,0.0,0.0,0.0,0.066,0.998,0.2,0.0,0.0,0.0,0.0,0.186
0.948,0.159,0.011,0.0,0.0,0.0,0.069,0.998,0.2,0.0,0.0,0.0,0.0,0.186
0.972,0.163,0.011,0.0,0.0,0.0,0.071,0.997,0.2,0.0,0.0,0.0,0.0,0.187
0.997,0.168,0.012,0.0,0.0,0.0,0.073,0.997,0.2,0.0,0.0,0.0,0.0,0.188
1.021,0.173,0.013,0.0,0.0,0.0,0.075,0.997,0.2,0.0,0.0,0.0,0.0,0.188
1.045,0.178,0.013,0.0,0.0,0.0,0.078,0.997,0.2,0.0,0.0,0.0,0.0,0.189
1.069,0.183,0.014,0.0,0.0,0.0,0.08,0.997,0.2,0.0,0.0,0.0,0.0,0.189
1.094,0.188,0.015,0.0,0.0,0.0,0.082,0.997,0.2,0.0,0.0,0.0,0.0,0.189
1.118,0.192,0.016,0.0,0.0,0.0,0.085,0.996,0.2,0.0,0.0,0.0,0.0,0.19
1.142,0.197,0.017,0.0,0.0,0.0,0.087,0.996,0.2,0.0,0.0,0.0,0.0,0.19
1.167,0.202,0.018,0.0,0.0,0.0,0.089,0.996,0.2,0.0,0.0,0.0,0.0,0.191
1.191,0.207,0.018,0.0,0.0,0.0,0.091,0.996,0.2,0.0,0.0,0.0,0.0,0.191
1.215,0.211,0.019,0.0,0.0,0.0,0.094,0.996,0.2,0.0,0.0,0.0,0.0,0.192
1.239,0.216,0.02,0.0,0.0,0.0,0.096,0.995,0.2,0.0,0.0,0.0,0.0,0.192
1.264,0.221,0.021,0.0,0.0,0.0,0.098,0.995,0.2,0.0,0.0,0.0,0.0,0.193
1.288,0.226,0.022,0.0,0.0,0.0,0.101,0.995,0.2,0.0,0.0,0.0,0.0,0.193
1.311,0.23,0.023,0.0,0.0,0.0,0.103,0.995,0.2,0.0,0.0,0.0,0.0,0.193
1.336,0.235,0.024,0.0,0.0,0.0,0.105,0.994,0.2,0.0,0.0,0.0,0.0,0.194
1.361,0.24,0.025,0.0,0.0,0.0,0.108,0.994,0.2,0.0,0.0,0.0,0.0,0.194
1.384,0.245,0.026,0.0,0.0,0.0,0.11,0.994,0.2,0.0,0.0,0.0,0.0,0.194
1.41,0.249,0.027,0.0,0.0,0.0,0.112,0.994,0.2,0.0,0.0,0.0,0.0,0.195
1.434,0.254,0.028,0.0,0.0,0.0,0.115,0.993,0.2,0.0,0.0,0.0,0.0,0.196
1.458,0.259,0.029,0.0,0.0,0.0,0.117,0.993,0.2,0.0,0.0,0.0,0.0,0.196
1.482,0.264,0.031,0.0,0.0,0.0,0.12,0.993,0.2,0.0,0.0,0.0,0.0,0.196
1.506,0.268,0.032,0.0,0.0,0.0,0.122,0.993,0.2,0.0,0.0,0.0,0.0,0.194
1.531,0.273,0.033,0.0,0.0,0.0,0.124,0.992,0.2,0.0,0.0,0.0,0.0,0.197
1.555,0.278,0.034,0.0,0.0,0.0,0.127,0.992,0.2,0.0,0.0,0.0,0.0,0.197
1.579,0.282,0.035,0.0,0.0,0.0,0.129,0.992,0.2,0.0,0.0,0.0,0.0,0.197
1.603,0.287,0.037,0.0,0.0,0.0,0.131,0.991,0.2,0.0,0.0,0.0,0.0,0.197
1.627,0.292,0.038,0.0,0.0,0.0,0.134,0.991,0.2,0.0,0.0,0.0,0.0,0.197
1.652,0.296,0.039,0.0,0.0,0.0,0.136,0.991,0.2,0.0,0.0,0.0,0.0,0.197
1.676,0.301,0.041,0.0,0.0,0.0,0.138,0.99,0.2,0.0,0.0,0.0,0.0,0.197
1.701,0.306,0.042,0.0,0.0,0.0,0.141,0.99,0.2,0.0,0.0,0.0,0.0,0.197
1.725,0.311,0.043,0.0,0.0,0.0,0.143,0.99,0.2,0.0,0.0,0.0,0.0,0.197
1.749,0.315,0.045,0.0,0.0,0.0,0.146,0.989,0.2,0.0,0.0,0.0,0.0,0.197
1.773,0.32,0.046,0.0,0.0,0.0,0.148,0.989,0.2,0.0,0.0,0.0,0.0,0.197
1.798,0.324,0.047,0.0,0.0,0.0,0.15,0.989,0.2,0.0,0.0,0.0,0.0,0.197
1.822,0.329,0.049,0.0,0.0,0.0,0.153,0.988,0.2,0.0,0.0,0.0,0.0,0.197
1.846,0.334,0.05,0.0,0.0,0.0,0.155,0.988,0.2,0.0,0.0,0.0,0.0,0.197
1.87,0.338,0.052,0.0,0.0,0.0,0.157,0.988,0.2,0.0,0.0,0.0,0.0,0.198
1.895,0.343,0.053,0.0,0.0,0.0,0.16,0.987,0.2,0.0,0.0,0.0,0.0,0.198
1.919,0.348,0.055,0.0,0.0,0.0,0.162,0.987,0.2,0.0,0.0,0.0,0.0,0.197
1.943,0.352,0.057,0.0,0.0,0.0,0.164,0.986,0.2,0.0,0.0,0.0,0.0,0.198
1.966,0.357,0.058,0.0,0.0,0.0,0.167,0.986,0.2,0.0,0.0,0.0,0.0,0.198
1.992,0.361,0.06,0.0,0.0,0.0,0.169,0.986,0.2,0.0,0.0,0.0,0.0,0.198
2.016,0.366,0.061,0.0,0.0,0.0,0.172,0.985,0.2,0.0,0.0,0.0,0.0,0.198
2.04,0.37,0.063,0.0,0.0,0.0,0.174,0.985,0.2,0.0,0.0,0.0,0.0,0.198
2.065,0.375,0.065,0.0,0.0,0.0,0.176,0.984,0.2,0.0,0.0,0.0,0.0,0.198
2.089,0.38,0.066,0.0,0.0,0.0,0.179,0.984,0.2,0.0,0.0,0.0,0.0,0.198
2.113,0.384,0.068,0.0,0.0,0.0,0.181,0.983,0.2,0.0,0.0,0.0,0.0,0.198
2.137,0.389,0.07,0.0,0.0,0.0,0.183,0.983,0.2,0.0,0.0,0.0,0.0,0.198
2.162,0.393,0.072,0.0,0.0,0.0,0.186,0.983,0.2,0.0,0.0,0.0,0.0,0.198
2.186,0.398,0.073,0.0,0.0,0.0,0.188,0.982,0.2,0.0,0.0,0.0,0.0,0.197
2.209,0.402,0.075,0.0,0.0,0.0,0.19,0.982,0.2,0.0,0.0,0.0,0.0,0.197
2.235,0.407,0.077,0.0,0.0,0.0,0.193,0.981,0.2,0.0,0.0,0.0,0.0,0.197
2.259,0.411,0.079,0.0,0.0,0.0,0.195,0.981,0.2,0.0,0.0,0.0,0.0,0.197
2.283,0.416,0.081,0.0,0.0,0.0,0.198,0.98,0.2,0.0,0.0,0.0,0.0,0.197
2.309,0.42,0.083,0.0,0.0,0.0,0.2,0.98,0.2,0.0,0.0,0.0,0.0,0.198
2.332,0.425,0.085,0.0,0.0,0.0,0.202,0.979,0.2,0.0,0.0,0.0,0.0,0.198
2.356,0.429,0.086,0.0,0.0,0.0,0.205,0.979,0.2,0.0,0.0,0.0,0.0,0.198
2.38,0.433,0.088,0.0,0.0,0.0,0.207,0.978,0.2,0.0,0.0,0.0,0.0,0.198
2.404,0.438,0.09,0.0,0.0,0.0,0.209,0.978,0.2,0.0,0.0,0.0,0.0,0.198
2.429,0.442,0.092,0.0,0.0,0.0,0.212,0.977,0.2,0.0,0.0,0.0,0.0,0.198
2.453,0.447,0.094,0.0,0.0,0.0,0.214,0.977,0.2,0.0,0.0,0.0,0.0,0.198
2.477,0.451,0.096,0.0,0.0,0.0,0.216,0.976,0.2,0.0,0.0,0.0,0.0,0.198
2.502,0.456,0.099,0.0,0.0,0.0,0.219,0.976,0.2,0.0,0.0,0.0,0.0,0.198
2.526,0.46,0.101,0.0,0.0,0.0,0.221,0.975,0.2,0.0,0.0,0.0,0.0,0.198
2.55,0.464,0.103,0.0,0.0,0.0,0.223,0.975,0.2,0.0,0.0,0.0,0.0,0.198
2.574,0.469,0.105,0.0,0.0,0.0,0.226,0.974,0.2,0.0,0.0,0.0,0.0,0.198
2.599,0.473,0.107,0.0,0.0,0.0,0.228,0.974,0.2,0.0,0.0,0.0,0.0,0.198
2.622,0.477,0.109,0.0,0.0,0.0,0.23,0.973,0.2,0.0,0.0,0.0,0.0,0.198
2.647,0.482,0.111,0.0,0.0,0.0,0.233,0.973,0.199,0.0,0.0,0.0,0.0,0.201
2.671,0.486,0.113,0.0,0.0,0.0,0.235,0.972,0.2,0.0,0.0,0.0,0.0,0.198
2.696,0.49,0.116,0.0,0.0,0.0,0.237,0.971,0.2,0.0,0.0,0.0,0.0,0.198
2.72,0.495,0.118,0.0,0.0,0.0,0.24,0.971,0.2,0.0,0.0,0.0,0.0,0.198
2.744,0.499,0.12,0.0,0.0,0.0,0.242,0.97,0.2,0.0,0.0,0.0,0.0,0.198
2.768,0.503,0.122,0.0,0.0,0.0,0.244,0.97,0.2,0.0,0.0,0.0,0.0,0.198
2.793,0.507,0.125,0.0,0.0,0.0,0.247,0.969,0.2,0.0,0.0,0.0,0.0,0.198
2.816,0.512,0.127,0.0,0.0,0.0,0.249,0.969,0.2,0.0,0.0,0.0,0.0,0.198
2.841,0.516,0.13,0.0,0.0,0.0,0.251,0.968,0.2,0.0,0.0,0.0,0.0,0.198
2.866,0.52,0.132,0.0,0.0,0.0,0.254,0.967,0.2,0.0,0.0,0.0,0.0,0.198
2.89,0.524,0.134,0.0,0.0,0.0,0.256,0.967,0.2,0.0,0.0,0.0,0.0,0.198
2.914,0.529,0.137,0.0,0.0,0.0,0.258,0.966,0.2,0.0,0.0,0.0,0.0,0.198
2.938,0.533,0.139,0.0,0.0,0.0,0.261,0.965,0.2,0.0,0.0,0.0,0.0,0.198
2.963,0.537,0.142,0.0,0.0,0.0,0.263,0.965,0.2,0.0,0.0,0.0,0.0,0.198
2.986,0.541,0.144,0.0,0.0,0.0,0.265,0.964,0.2,0.0,0.0,0.0,0.0,0.198
3.011,0.545,0.147,0.0,0.0,0.0,0.267,0.964,0.2,0.0,0.0,0.0,0.0,0.198
3.036,0.549,0.149,0.0,0.0,0.0,0.27,0.963,0.2,0.0,0.0,0.0,0.0,0.198
3.06,0.554,0.152,0.0,0.0,0.0,0.272,0.962,0.2,0.0,0.0,0.0,0.0,0.198
3.084,0.558,0.154,0.0,0.0,0.0,0.274,0.962,0.2,0.0,0.0,0.0,0.0,0.198
3.108,0.562,0.157,0.0,0.0,0.0,0.277,0.961,0.2,0.0,0.0,0.0,0.0,0.198
3.133,0.566,0.159,0.0,0.0,0.0,0.279,0.96,0.2,0.0,0.0,0.0,0.0,0.198
3.154,0.57,0.162,0.0,0.0,0.0,0.281,0.96,0.2,0.0,0.0,0.0,0.0,0.198
3.181,0.574,0.165,0.0,0.0,0.0,0.284,0.959,0.2,0.0,0.0,0.0,0.0,0.198
3.206,0.578,0.167,0.0,0.0,0.0,0.286,0.958,0.2,0.0,0.0,0.0,0.0,0.198
3.231,0.582,0.17,0.0,0.0,0.0,0.288,0.958,0.2,0.0,0.0,0.0,0.0,0.198
3.254,0.586,0.173,0.0,0.0,0.0,0.291,0.957,0.2,0.0,0.0,0.0,0.0,0.198
3.278,0.59,0.175,0.0,0.0,0.0,0.293,0.956,0.2,0.0,0.0,0.0,0.0,0.198
3.302,0.594,0.178,0.0,0.0,0.0,0.295,0.955,0.2,0.0,0.0,0.0,0.0,0.198
3.327,0.598,0.181,0.0,0.0,0.0,0.297,0.955,0.2,0.0,0.0,0.0,0.0,0.198
3.351,0.602,0.184,0.0,0.0,0.0,0.3,0.954,0.2,0.0,0.0,0.0,0.0,0.198
3.375,0.606,0.186,0.0,0.0,0.0,0.302,0.953,0.2,0.0,0.0,0.0,0.0,0.198
3.4,0.61,0.189,0.0,0.0,0.0,0.304,0.953,0.2,0.0,0.0,0.0,0.0,0.199
3.424,0.614,0.192,0.0,0.0,0.0,0.307,0.952,0.2,0.0,0.0,0.0,0.0,0.198
3.448,0.618,0.195,0.0,0.0,0.0,0.309,0.951,0.2,0.0,0.0,0.0,0.0,0.198
3.472,0.622,0.198,0.0,0.0,0.0,0.311,0.95,0.2,0.0,0.0,0.0,0.0,0.198
3.497,0.626,0.201,0.0,0.0,0.0,0.313,0.95,0.2,0.0,0.0,0.0,0.0,0.198
3.521,0.63,0.203,0.0,0.0,0.0,0.316,0.949,0.2,0.0,0.0,0.0,0.0,0.198
3.545,0.634,0.206,0.0,0.0,0.0,0.318,0.948,0.2,0.0,0.0,0.0,0.0,0.198
3.569,0.638,0.209,0.0,0.0,0.0,0.32,0.947,0.2,0.0,0.0,0.0,0.0,0.198
3.594,0.642,0.212,0.0,0.0,0.0,0.323,0.947,0.2,0.0,0.0,0.0,0.0,0.198
3.618,0.645,0.215,0.0,0.0,0.0,0.325,0.946,0.2,0.0,0.0,0.0,0.0,0.198
3.642,0.649,0.218,0.0,0.0,0.0,0.327,0.945,0.2,0.0,0.0,0.0,0.0,0.197
3.667,0.653,0.221,0.0,0.0,0.0,0.329,0.944,0.2,0.0,0.0,0.0,0.0,0.197
3.691,0.657,0.224,0.0,0.0,0.0,0.332,0.943,0.2,0.0,0.0,0.0,0.0,0.197
3.715,0.661,0.227,0.0,0.0,0.0,0.334,0.943,0.2,0.0,0.0,0.0,0.0,0.197
3.741,0.664,0.23,0.0,0.0,0.0,0.336,0.942,0.2,0.0,0.0,0.0,0.0,0.197
3.764,0.668,0.233,0.0,0.0,0.0,0.338,0.941,0.2,0.0,0.0,0.0,0.0,0.197
3.787,0.672,0.237,0.0,0.0,0.0,0.341,0.94,0.2,0.0,0.0,0.0,0.0,0.197
3.812,0.675,0.24,0.0,0.0,0.0,0.343,0.939,0.2,0.0,0.0,0.0,0.0,0.197
3.836,0.679,0.243,0.0,0.0,0.0,0.345,0.939,0.2,0.0,0.0,0.0,0.0,0.197
3.861,0.683,0.246,0.0,0.0,0.0,0.347,0.938,0.2,0.0,0.0,0.0,0.0,0.197
3.885,0.687,0.249,0.0,0.0,0.0,0.35,0.937,0.2,0.0,0.0,0.0,0.0,0.197
3.909,0.69,0.252,0.0,0.0,0.0,0.352,0.936,0.2,0.0,0.0,0.0,0.0,0.197
3.934,0.694,0.256,0.0,0.0,0.0,0.354,0.935,0.2,0.0,0.0,0.0,0.0,0.197
3.958,0.698,0.259,0.0,0.0,0.0,0.356,0.934,0.2,0.0,0.0,0.0,0.0,0.197
3.982,0.701,0.262,0.0,0.0,0.0,0.358,0.934,0.2,0.0,0.0,0.0,0.0,0.197
4.006,0.705,0.265,0.0,0.0,0.0,0.361,0.933,0.2,0.0,0.0,0.0,0.0,0.197
4.031,0.708,0.269,0.0,0.0,0.0,0.363,0.932,0.2,0.0,0.0,0.0,0.0,0.197
4.056,0.712,0.272,0.0,0.0,0.0,0.365,0.931,0.2,0.0,0.0,0.0,0.0,0.197
4.079,0.715,0.275,0.0,0.0,0.0,0.367,0.93,0.2,0.0,0.0,0.0,0.0,0.197
4.103,0.719,0.278,0.0,0.0,0.0,0.37,0.929,0.2,0.0,0.0,0.0,0.0,0.197
4.128,0.723,0.282,0.0,0.0,0.0,0.372,0.928,0.2,0.0,0.0,0.0,0.0,0.197
4.15,0.726,0.285,0.0,0.0,0.0,0.374,0.927,0.2,0.0,0.0,0.0,0.0,0.197
4.175,0.729,0.288,0.0,0.0,0.0,0.376,0.927,0.2,0.0,0.0,0.0,0.0,0.196
4.201,0.733,0.292,0.0,0.0,0.0,0.378,0.926,0.2,0.0,0.0,0.0,0.0,0.196
4.225,0.736,0.295,0.0,0.0,0.0,0.381,0.925,0.2,0.0,0.0,0.0,0.0,0.196
4.249,0.74,0.299,0.0,0.0,0.0,0.383,0.924,0.2,0.0,0.0,0.0,0.0,0.196
4.273,0.743,0.302,0.0,0.0,0.0,0.385,0.923,0.2,0.0,0.0,0.0,0.0,0.196
4.298,0.747,0.306,0.0,0.0,0.0,0.387,0.922,0.2,0.0,0.0,0.0,0.0,0.196
4.322,0.75,0.309,0.0,0.0,0.0,0.389,0.921,0.2,0.0,0.0,0.0,0.0,0.196
4.346,0.753,0.313,0.0,0.0,0.0,0.392,0.92,0.2,0.0,0.0,0.0,0.0,0.196
4.37,0.757,0.316,0.0,0.0,0.0,0.394,0.919,0.2,0.0,0.0,0.0,0.0,0.196
4.395,0.76,0.32,0.0,0.0,0.0,0.396,0.918,0.2,0.0,0.0,0.0,0.0,0.196
4.419,0.764,0.323,0.0,0.0,0.0,0.398,0.917,0.2,0.0,0.0,0.0,0.0,0.196
4.442,0.767,0.327,0.0,0.0,0.0,0.4,0.916,0.2,0.0,0.0,0.0,0.0,0.196
4.468,0.77,0.33,0.0,0.0,0.0,0.403,0.915,0.2,0.0,0.0,0.0,0.0,0.195
4.492,0.773,0.334,0.0,0.0,0.0,0.405,0.914,0.2,0.0,0.0,0.0,0.0,0.195
4.516,0.777,0.338,0.0,0.0,0.0,0.407,0.913,0.2,0.0,0.0,0.0,0.0,0.195
4.54,0.78,0.341,0.0,0.0,0.0,0.409,0.913,0.2,0.0,0.0,0.0,0.0,0.195
4.565,0.783,0.345,0.0,0.0,0.0,0.411,0.912,0.2,0.0,0.0,0.0,0.0,0.195
4.589,0.786,0.348,0.0,0.0,0.0,0.413,0.911,0.2,0.0,0.0,0.0,0.0,0.195
4.613,0.789,0.352,0.0,0.0,0.0,0.415,0.91,0.2,0.0,0.0,0.0,0.0,0.195
4.637,0.793,0.356,0.0,0.0,0.0,0.418,0.909,0.2,0.0,0.0,0.0,0.0,0.195
4.662,0.796,0.36,0.0,0.0,0.0,0.42,0.908,0.2,0.0,0.0,0.0,0.0,0.195
4.686,0.799,0.363,0.0,0.0,0.0,0.422,0.907,0.2,0.0,0.0,0.0,0.0,0.195
4.71,0.802,0.367,0.0,0.0,0.0,0.424,0.906,0.2,0.0,0.0,0.0,0.0,0.195
4.735,0.805,0.371,0.0,0.0,0.0,0.426,0.905,0.2,0.0,0.0,0.0,0.0,0.194
4.759,0.808,0.374,0.0,0.0,0.0,0.428,0.904,0.2,0.0,0.0,0.0,0.0,0.194
4.783,0.811,0.378,0.0,0.0,0.0,0.43,0.903,0.2,0.0,0.0,0.0,0.0,0.194
4.807,0.814,0.382,0.0,0.0,0.0,0.433,0.902,0.2,0.0,0.0,0.0,0.0,0.194
4.832,0.817,0.386,0.0,0.0,0.0,0.435,0.901,0.2,0.0,0.0,0.0,0.0,0.194
4.856,0.82,0.39,0.0,0.0,0.0,0.437,0.9,0.2,0.0,0.0,0.0,0.0,0.194
4.88,0.823,0.393,0.0,0.0,0.0,0.439,0.899,0.2,0.0,0.0,0.0,0.0,0.194
4.904,0.826,0.397,0.0,0.0,0.0,0.441,0.897,0.2,0.0,0.0,0.0,0.0,0.194
4.929,0.829,0.401,0.0,0.0,0.0,0.443,0.896,0.2,0.0,0.0,0.0,0.0,0.194
4.953,0.832,0.405,0.0,0.0,0.0,0.445,0.895,0.2,0.0,0.0,0.0,0.0,0.194
4.977,0.835,0.409,0.0,0.0,0.0,0.447,0.894,0.2,0.0,0.0,0.0,0.0,0.194
5.002,0.838,0.413,0.0,0.0,0.0,0.45,0.893,0.2,0.0,0.0,0.0,0.0,0.191
5.026,0.841,0.417,0.0,0.0,0.0,0.452,0.892,0.2,0.0,0.0,0.0,0.0,0.193
5.05,0.844,0.421,0.0,0.0,0.0,0.454,0.891,0.2,0.0,0.0,0.0,0.0,0.193
5.068,0.847,0.424,0.0,0.0,0.0,0.456,0.89,0.2,0.0,0.0,0.0,0.0,0.193
5.099,0.85,0.428,0.0,0.0,0.0,0.458,0.889,0.2,0.0,0.0,0.0,0.0,0.193
5.123,0.852,0.432,0.0,0.0,0.0,0.46,0.888,0.2,0.0,0.0,0.0,0.0,0.193
5.147,0.855,0.436,0.0,0.0,0.0,0.462,0.887,0.194,0.0,0.0,0.0,0.0,0.219
5.173,0.858,0.44,0.0,0.0,0.0,0.464,0.886,0.2,0.0,0.0,0.0,0.0,0.193
5.196,0.861,0.444,0.0,0.0,0.0,0.466,0.885,0.2,0.0,0.0,0.0,0.0,0.193
5.22,0.863,0.448,0.0,0.0,0.0,0.468,0.884,0.2,0.0,0.0,0.0,0.0,0.193
5.244,0.866,0.452,0.0,0.0,0.0,0.47,0.883,0.2,0.0,0.0,0.0,0.0,0.193
5.268,0.869,0.456,0.0,0.0,0.0,0.472,0.881,0.2,0.0,0.0,0.0,0.0,0.193
5.293,0.872,0.461,0.0,0.0,0.0,0.474,0.88,0.2,0.0,0.0,0.0,0.0,0.193
5.317,0.874,0.465,0.0,0.0,0.0,0.476,0.879,0.2,0.0,0.0,0.0,0.0,0.193
5.34,0.877,0.469,0.0,0.0,0.0,0.479,0.878,0.2,0.0,0.0,0.0,0.0,0.192
5.366,0.88,0.473,0.0,0.0,0.0,0.481,0.877,0.2,0.0,0.0,0.0,0.0,0.192
5.39,0.882,0.477,0.0,0.0,0.0,0.483,0.876,0.2,0.0,0.0,0.0,0.0,0.192
5.414,0.885,0.481,0.0,0.0,0.0,0.485,0.875,0.2,0.0,0.0,0.0,0.0,0.192
5.438,0.887,0.485,0.0,0.0,0.0,0.487,0.874,0.2,0.0,0.0,0.0,0.0,0.192
5.461,0.89,0.489,0.0,0.0,0.0,0.489,0.872,0.2,0.0,0.0,0.0,0.0,0.192
5.487,0.892,0.493,0.0,0.0,0.0,0.491,0.871,0.2,0.0,0.0,0.0,0.0,0.192
5.511,0.895,0.498,0.0,0.0,0.0,0.493,0.87,0.2,0.0,0.0,0.0,0.0,0.192
5.535,0.897,0.502,0.0,0.0,0.0,0.495,0.869,0.2,0.0,0.0,0.0,0.0,0.192
5.56,0.9,0.506,0.0,0.0,0.0,0.497,0.868,0.2,0.0,0.0,0.0,0.0,0.192
5.584,0.902,0.51,0.0,0.0,0.0,0.499,0.867,0.2,0.0,0.0,0.0,0.0,0.192
5.608,0.905,0.514,0.0,0.0,0.0,0.501,0.866,0.2,0.0,0.0,0.0,0.0,0.192
5.633,0.907,0.519,0.0,0.0,0.0,0.503,0.864,0.2,0.0,0.0,0.0,0.0,0.192
5.657,0.91,0.523,0.0,0.0,0.0,0.505,0.863,0.2,0.0,0.0,0.0,0.0,0.192
5.681,0.912,0.527,0.0,0.0,0.0,0.507,0.862,0.2,0.0,0.0,0.0,0.0,0.192
5.705,0.914,0.531,0.0,0.0,0.0,0.509,0.861,0.2,0.0,0.0,0.0,0.0,0.192
5.73,0.917,0.536,0.0,0.0,0.0,0.511,0.86,0.2,0.0,0.0,0.0,0.0,0.192
5.757,0.919,0.54,0.0,0.0,0.0,0.513,0.858,0.2,0.0,0.0,0.0,0.0,0.191
5.778,0.921,0.544,0.0,0.0,0.0,0.515,0.857,0.2,0.0,0.0,0.0,0.0,0.191
5.802,0.923,0.548,0.0,0.0,0.0,0.517,0.856,0.2,0.0,0.0,0.0,0.0,0.191
5.827,0.926,0.553,0.0,0.0,0.0,0.519,0.855,0.2,0.0,0.0,0.0,0.0,0.191
5.851,0.928,0.557,0.0,0.0,0.0,0.521,0.854,0.2,0.0,0.0,0.0,0.0,0.191
5.875,0.93,0.561,0.0,0.0,0.0,0.523,0.852,0.2,0.0,0.0,0.0,0.0,0.191
5.9,0.932,0.566,0.0,0.0,0.0,0.525,0.851,0.2,0.0,0.0,0.0,0.0,0.191
5.923,0.935,0.57,0.0,0.0,0.0,0.527,0.85,0.2,0.0,0.0,0.0,0.0,0.191
5.947,0.937,0.574,0.0,0.0,0.0,0.529,0.849,0.2,0.0,0.0,0.0,0.0,0.191
5.973,0.939,0.579,0.0,0.0,0.0,0.531,0.848,0.2,0.0,0.0,0.0,0.0,0.191
5.997,0.941,0.583,0.0,0.0,0.0,0.533,0.846,0.2,0.0,0.0,0.0,0.0,0.191
6.021,0.943,0.588,0.0,0.0,0.0,0.535,0.845,0.2,0.0,0.0,0.0,0.0,0.191
6.045,0.945,0.592,0.0,0.0,0.0,0.537,0.844,0.2,0.0,0.0,0.0,0.0,0.191
6.069,0.947,0.596,0.0,0.0,0.0,0.539,0.843,0.2,0.0,0.0,0.0,0.0,0.191
6.094,0.949,0.601,0.0,0.0,0.0,0.541,0.841,0.2,0.0,0.0,0.0,0.0,0.191
6.118,0.951,0.605,0.0,0.0,0.0,0.542,0.84,0.2,0.0,0.0,0.0,0.0,0.191
6.138,0.953,0.61,0.0,0.0,0.0,0.544,0.839,0.2,0.0,0.0,0.0,0.0,0.191
6.167,0.955,0.614,0.0,0.0,0.0,0.546,0.838,0.2,0.0,0.0,0.0,0.0,0.191
6.191,0.957,0.619,0.0,0.0,0.0,0.548,0.836,0.2,0.0,0.0,0.0,0.0,0.191
6.215,0.959,0.623,0.0,0.0,0.0,0.55,0.835,0.2,0.0,0.0,0.0,0.0,0.191
6.239,0.961,0.627,0.0,0.0,0.0,0.552,0.834,0.2,0.0,0.0,0.0,0.0,0.191
6.264,0.963,0.632,0.0,0.0,0.0,0.554,0.832,0.2,0.0,0.0,0.0,0.0,0.191
6.288,0.965,0.636,0.0,0.0,0.0,0.556,0.831,0.2,0.0,0.0,0.0,0.0,0.191
6.312,0.966,0.641,0.0,0.0,0.0,0.558,0.83,0.2,0.0,0.0,0.0,0.0,0.191
6.336,0.968,0.645,0.0,0.0,0.0,0.56,0.829,0.2,0.0,0.0,0.0,0.0,0.191
6.361,0.97,0.65,0.0,0.0,0.0,0.562,0.827,0.2,0.0,0.0,0.0,0.0,0.191
6.385,0.972,0.654,0.0,0.0,0.0,0.564,0.826,0.2,0.0,0.0,0.0,0.0,0.191
6.408,0.974,0.659,0.0,0.0,0.0,0.566,0.825,0.2,0.0,0.0,0.0,0.0,0.191
6.434,0.975,0.664,0.0,0.0,0.0,0.568,0.823,0.2,0.0,0.0,0.0,0.0,0.191
6.458,0.977,0.668,0.0,0.0,0.0,0.569,0.822,0.2,0.0,0.0,0.0,0.0,0.191
6.482,0.979,0.673,0.0,0.0,0.0,0.571,0.821,0.2,0.0,0.0,0.0,0.0,0.191
6.506,0.98,0.677,0.0,0.0,0.0,0.573,0.819,0.2,0.0,0.0,0.0,0.0,0.191
6.531,0.982,0.682,0.0,0.0,0.0,0.575,0.818,0.2,0.0,0.0,0.0,0.0,0.191
6.555,0.984,0.686,0.0,0.0,0.0,0.577,0.817,0.2,0.0,0.0,0.0,0.0,0.191
6.579,0.985,0.691,0.0,0.0,0.0,0.579,0.815,0.2,0.0,0.0,0.0,0.0,0.191
6.6,0.987,0.695,0.0,0.0,0.0,0.581,0.814,0.2,0.0,0.0,0.0,0.0,0.191
6.626,0.989,0.7,0.0,0.0,0.0,0.583,0.813,0.202,0.0,0.0,0.0,0.0,0.197
6.652,0.99,0.705,0.0,0.0,0.0,0.585,0.811,0.2,0.0,0.0,0.0,0.0,0.191
6.676,0.992,0.709,0.0,0.0,0.0,0.586,0.81,0.2,0.0,0.0,0.0,0.0,0.191
6.702,0.993,0.714,0.0,0.0,0.0,0.588,0.809,0.2,0.0,0.0,0.0,0.0,0.191
6.725,0.995,0.719,0.0,0.0,0.0,0.59,0.807,0.2,0.0,0.0,0.0,0.0,0.191
6.749,0.996,0.723,0.0,0.0,0.0,0.592,0.806,0.2,0.0,0.0,0.0,0.0,0.191
6.773,0.998,0.728,0.0,0.0,0.0,0.594,0.804,0.2,0.0,0.0,0.0,0.0,0.191
6.798,0.999,0.733,0.0,0.0,0.0,0.596,0.803,0.2,0.0,0.0,0.0,0.0,0.191
6.822,1.0,0.737,0.0,0.0,0.0,0.598,0.802,0.2,0.0,0.0,0.0,0.0,0.191
6.846,1.002,0.742,0.0,0.0,0.0,0.6,0.8,0.2,0.0,0.0,0.0,0.0,0.191
6.869,1.003,0.746,0.0,0.0,0.0,0.601,0.799,0.2,0.0,0.0,0.0,0.0,0.191
6.895,1.004,0.751,0.0,0.0,0.0,0.603,0.798,0.2,0.0,0.0,0.0,0.0,0.191
6.919,1.006,0.756,0.0,0.0,0.0,0.605,0.796,0.2,0.0,0.0,0.0,0.0,0.192
6.943,1.007,0.761,0.0,0.0,0.0,0.607,0.795,0.2,0.0,0.0,0.0,0.0,0.192
6.968,1.008,0.765,0.0,0.0,0.0,0.609,0.793,0.2,0.0,0.0,0.0,0.0,0.192
6.992,1.01,0.77,0.0,0.0,0.0,0.611,0.792,0.2,0.0,0.0,0.0,0.0,0.192
7.016,1.011,0.775,0.0,0.0,0.0,0.613,0.79,0.2,0.0,0.0,0.0,0.0,0.192
7.04,1.012,0.779,0.0,0.0,0.0,0.614,0.789,0.2,0.0,0.0,0.0,0.0,0.192
7.064,1.013,0.784,0.0,0.0,0.0,0.616,0.788,0.2,0.0,0.0,0.0,0.0,0.192
7.089,1.014,0.789,0.0,0.0,0.0,0.618,0.786,0.2,0.0,0.0,0.0,0.0,0.192
7.114,1.015,0.794,0.0,0.0,0.0,0.62,0.785,0.2,0.0,0.0,0.0,0.0,0.192
7.135,1.017,0.798,0.0,0.0,0.0,0.622,0.783,0.2,0.0,0.0,0.0,0.0,0.192
7.162,1.018,0.803,0.0,0.0,0.0,0.624,0.782,0.2,0.0,0.0,0.0,0.0,0.192
7.186,1.019,0.808,0.0,0.0,0.0,0.625,0.78,0.2,0.0,0.0,0.0,0.0,0.192
7.21,1.02,0.812,0.0,0.0,0.0,0.627,0.779,0.2,0.0,0.0,0.0,0.0,0.192
7.235,1.021,0.817,0.0,0.0,0.0,0.629,0.777,0.2,0.0,0.0,0.0,0.0,0.192
7.259,1.022,0.822,0.0,0.0,0.0,0.631,0.776,0.2,0.0,0.0,0.0,0.0,0.192
7.283,1.023,0.827,0.0,0.0,0.0,0.633,0.774,0.2,0.0,0.0,0.0,0.0,0.193
7.307,1.024,0.831,0.0,0.0,0.0,0.634,0.773,0.2,0.0,0.0,0.0,0.0,0.193
7.332,1.025,0.836,0.0,0.0,0.0,0.636,0.771,0.2,0.0,0.0,0.0,0.0,0.193
7.356,1.026,0.841,0.0,0.0,0.0,0.638,0.77,0.2,0.0,0.0,0.0,0.0,0.193
7.38,1.026,0.846,0.0,0.0,0.0,0.64,0.769,0.2,0.0,0.0,0.0,0.0,0.193
7.404,1.027,0.851,0.0,0.0,0.0,0.642,0.767,0.2,0.0,0.0,0.0,0.0,0.193
7.429,1.028,0.855,0.0,0.0,0.0,0.643,0.765,0.2,0.0,0.0,0.0,0.0,0.193
7.453,1.029,0.86,0.0,0.0,0.0,0.645,0.764,0.2,0.0,0.0,0.0,0.0,0.193
7.477,1.03,0.865,0.0,0.0,0.0,0.647,0.763,0.2,0.0,0.0,0.0,0.0,0.193
7.502,1.031,0.87,0.0,0.0,0.0,0.649,0.761,0.2,0.0,0.0,0.0,0.0,0.193
7.526,1.031,0.875,0.0,0.0,0.0,0.651,0.759,0.2,0.0,0.0,0.0,0.0,0.194
7.55,1.032,0.879,0.0,0.0,0.0,0.652,0.758,0.2,0.0,0.0,0.0,0.0,0.194
7.574,1.033,0.884,0.0,0.0,0.0,0.654,0.756,0.2,0.0,0.0,0.0,0.0,0.194
7.599,1.034,0.889,0.0,0.0,0.0,0.656,0.755,0.2,0.0,0.0,0.0,0.0,0.194
7.623,1.034,0.894,0.0,0.0,0.0,0.658,0.753,0.2,0.0,0.0,0.0,0.0,0.195
7.646,1.035,0.899,0.0,0.0,0.0,0.659,0.752,0.203,0.0,0.0,0.0,0.0,0.18
7.671,1.035,0.903,0.0,0.0,0.0,0.661,0.75,0.2,0.0,0.0,0.0,0.0,0.195
7.696,1.036,0.908,0.0,0.0,0.0,0.663,0.749,0.2,0.0,0.0,0.0,0.0,0.194
7.72,1.037,0.913,0.0,0.0,0.0,0.665,0.747,0.2,0.0,0.0,0.0,0.0,0.195
7.744,1.037,0.918,0.0,0.0,0.0,0.667,0.745,0.2,0.0,0.0,0.0,0.0,0.195
7.768,1.038,0.923,0.0,0.0,0.0,0.668,0.744,0.2,0.0,0.0,0.0,0.0,0.195
7.793,1.038,0.928,0.0,0.0,0.0,0.67,0.742,0.2,0.0,0.0,0.0,0.0,0.195
7.816,1.039,0.932,0.0,0.0,0.0,0.672,0.741,0.2,0.0,0.0,0.0,0.0,0.195
7.841,1.039,0.937,0.0,0.0,0.0,0.674,0.739,0.2,0.0,0.0,0.0,0.0,0.195
7.866,1.04,0.942,0.0,0.0,0.0,0.675,0.738,0.2,0.0,0.0,0.0,0.0,0.195
7.89,1.04,0.947,0.0,0.0,0.0,0.677,0.736,0.2,0.0,0.0,0.0,0.0,0.195
7.913,1.04,0.952,0.0,0.0,0.0,0.679,0.734,0.2,0.0,0.0,0.0,0.0,0.196
7.938,1.041,0.957,0.0,0.0,0.0,0.681,0.733,0.2,0.0,0.0,0.0,0.0,0.196
7.963,1.041,0.962,0.0,0.0,0.0,0.682,0.731,0.2,0.0,0.0,0.0,0.0,0.196
7.987,1.041,0.966,0.0,0.0,0.0,0.684,0.729,0.2,0.0,0.0,0.0,0.0,0.196
8.011,1.042,0.971,0.0,0.0,0.0,0.686,0.728,0.2,0.0,0.0,0.0,0.0,0.196
8.035,1.042,0.976,0.0,0.0,0.0,0.687,0.726,0.2,0.0,0.0,0.0,0.0,0.196
8.06,1.042,0.981,0.0,0.0,0.0,0.689,0.725,0.2,0.0,0.0,0.0,0.0,0.196
8.084,1.043,0.986,0.0,0.0,0.0,0.691,0.723,0.2,0.0,0.0,0.0,0.0,0.197
8.107,1.043,0.991,0.0,0.0,0.0,0.693,0.721,0.2,0.0,0.0,0.0,0.0,0.197
8.133,1.043,0.996,0.0,0.0,0.0,0.694,0.72,0.2,0.0,0.0,0.0,0.0,0.197
8.157,1.043,1.0,0.0,0.0,0.0,0.696,0.718,0.2,0.0,0.0,0.0,0.0,0.197
8.181,1.043,1.005,0.0,0.0,0.0,0.698,0.716,0.2,0.0,0.0,0.0,0.0,0.197
8.205,1.043,1.01,0.0,0.0,0.0,0.699,0.715,0.2,0.0,0.0,0.0,0.0,0.197
8.23,1.043,1.015,0.0,0.0,0.0,0.701,0.713,0.2,0.0,0.0,0.0,0.0,0.195
8.255,1.043,1.02,0.0,0.0,0.0,0.703,0.711,0.2,0.0,0.0,0.0,0.0,0.197
8.278,1.044,1.025,0.0,0.0,0.0,0.705,0.71,0.2,0.0,0.0,0.0,0.0,0.198
8.302,1.044,1.029,0.0,0.0,0.0,0.706,0.708,0.2,0.0,0.0,0.0,0.0,0.198
8.327,1.044,1.034,0.0,0.0,0.0,0.708,0.706,0.2,0.0,0.0,0.0,0.0,0.198
8.35,1.044,1.039,0.0,0.0,0.0,0.71,0.704,0.2,0.0,0.0,0.0,0.0,0.198
8.375,1.043,1.044,0.0,0.0,0.0,0.711,0.703,0.2,0.0,0.0,0.0,0.0,0.198
8.4,1.043,1.049,0.0,0.0,0.0,0.713,0.701,0.2,0.0,0.0,0.0,0.0,0.199
8.424,1.043,1.054,0.0,0.0,0.0,0.715,0.699,0.2,0.0,0.0,0.0,0.0,0.199
8.448,1.043,1.059,0.0,0.0,0.0,0.716,0.698,0.2,0.0,0.0,0.0,0.0,0.199
8.472,1.043,1.063,0.0,0.0,0.0,0.718,0.696,0.2,0.0,0.0,0.0,0.0,0.199
8.497,1.043,1.068,0.0,0.0,0.0,0.72,0.694,0.2,0.0,0.0,0.0,0.0,0.199
8.521,1.043,1.073,0.0,0.0,0.0,0.722,0.692,0.2,0.0,0.0,0.0,0.0,0.199
8.545,1.042,1.078,0.0,0.0,0.0,0.723,0.691,0.2,0.0,0.0,0.0,0.0,0.2
8.569,1.042,1.083,0.0,0.0,0.0,0.725,0.689,0.2,0.0,0.0,0.0,0.0,0.2
8.594,1.042,1.088,0.0,0.0,0.0,0.727,0.687,0.2,0.0,0.0,0.0,0.0,0.2
8.618,1.042,1.093,0.0,0.0,0.0,0.728,0.685,0.2,0.0,0.0,0.0,0.0,0.2
8.642,1.041,1.097,0.0,0.0,0.0,0.73,0.684,0.2,0.0,0.0,0.0,0.0,0.2
8.667,1.041,1.102,0.0,0.0,0.0,0.732,0.682,0.2,0.0,0.0,0.0,0.0,0.2
8.691,1.041,1.107,0.0,0.0,0.0,0.733,0.68,0.2,0.0,0.0,0.0,0.0,0.201
8.715,1.04,1.112,0.0,0.0,0.0,0.735,0.678,0.2,0.0,0.0,0.0,0.0,0.201
8.738,1.04,1.117,0.0,0.0,0.0,0.736,0.676,0.2,0.0,0.0,0.0,0.0,0.201
8.764,1.04,1.122,0.0,0.0,0.0,0.738,0.675,0.2,0.0,0.0,0.0,0.0,0.201
8.788,1.039,1.127,0.0,0.0,0.0,0.74,0.673,0.2,0.0,0.0,0.0,0.0,0.201
8.812,1.039,1.131,0.0,0.0,0.0,0.741,0.671,0.2,0.0,0.0,0.0,0.0,0.202
8.835,1.038,1.136,0.0,0.0,0.0,0.743,0.669,0.2,0.0,0.0,0.0,0.0,0.202
8.861,1.038,1.141,0.0,0.0,0.0,0.745,0.667,0.2,0.0,0.0,0.0,0.0,0.202
8.885,1.037,1.146,0.0,0.0,0.0,0.746,0.666,0.2,0.0,0.0,0.0,0.0,0.202
8.909,1.036,1.151,0.0,0.0,0.0,0.748,0.664,0.2,0.0,0.0,0.0,0.0,0.202
8.934,1.036,1.156,0.0,0.0,0.0,0.75,0.662,0.2,0.0,0.0,0.0,0.0,0.203
8.958,1.035,1.16,0.0,0.0,0.0,0.751,0.66,0.2,0.0,0.0,0.0,0.0,0.203
8.982,1.035,1.165,0.0,0.0,0.0,0.753,0.658,0.2,0.0,0.0,0.0,0.0,0.203
8.999,1.034,1.17,0.0,0.0,0.0,0.754,0.656,0.2,0.0,0.0,0.0,0.0,0.203
9.031,1.033,1.175,0.0,0.0,0.0,0.756,0.654,0.2,0.0,0.0,0.0,0.0,0.203
9.055,1.033,1.18,0.0,0.0,0.0,0.758,0.653,0.2,0.0,0.0,0.0,0.0,0.203
9.079,1.032,1.184,0.0,0.0,0.0,0.759,0.651,0.2,0.0,0.0,0.0,0.0,0.204
9.103,1.031,1.189,0.0,0.0,0.0,0.761,0.649,0.2,0.0,0.0,0.0,0.0,0.204
9.128,1.03,1.194,0.0,0.0,0.0,0.763,0.647,0.2,0.0,0.0,0.0,0.0,0.204
9.151,1.03,1.199,0.0,0.0,0.0,0.764,0.645,0.2,0.0,0.0,0.0,0.0,0.204
9.175,1.029,1.203,0.0,0.0,0.0,0.766,0.643,0.2,0.0,0.0,0.0,0.0,0.204
9.205,1.028,1.208,0.0,0.0,0.0,0.767,0.641,0.2,0.0,0.0,0.0,0.0,0.205
9.225,1.027,1.213,0.0,0.0,0.0,0.769,0.639,0.2,0.0,0.0,0.0,0.0,0.205
9.249,1.026,1.218,0.0,0.0,0.0,0.77,0.637,0.2,0.0,0.0,0.0,0.0,0.205
9.274,1.025,1.223,0.0,0.0,0.0,0.772,0.636,0.2,0.0,0.0,0.0,0.0,0.205
9.298,1.024,1.227,0.0,0.0,0.0,0.774,0.634,0.2,0.0,0.0,0.0,0.0,0.205
9.322,1.023,1.232,0.0,0.0,0.0,0.775,0.632,0.2,0.0,0.0,0.0,0.0,0.205
9.346,1.022,1.237,0.0,0.0,0.0,0.777,0.63,0.2,0.0,0.0,0.0,0.0,0.206
9.371,1.021,1.242,0.0,0.0,0.0,0.778,0.628,0.2,0.0,0.0,0.0,0.0,0.206
9.393,1.02,1.246,0.0,0.0,0.0,0.78,0.626,0.2,0.0,0.0,0.0,0.0,0.206
9.42,1.019,1.251,0.0,0.0,0.0,0.782,0.624,0.2,0.0,0.0,0.0,0.0,0.206
9.443,1.018,1.256,0.0,0.0,0.0,0.783,0.622,0.2,0.0,0.0,0.0,0.0,0.206
9.468,1.017,1.261,0.0,0.0,0.0,0.785,0.62,0.2,0.0,0.0,0.0,0.0,0.207
9.491,1.016,1.265,0.0,0.0,0.0,0.786,0.618,0.2,0.0,0.0,0.0,0.0,0.207
9.516,1.015,1.27,0.0,0.0,0.0,0.788,0.616,0.2,0.0,0.0,0.0,0.0,0.207
9.54,1.013,1.275,0.0,0.0,0.0,0.789,0.614,0.2,0.0,0.0,0.0,0.0,0.207
9.565,1.012,1.279,0.0,0.0,0.0,0.791,0.612,0.2,0.0,0.0,0.0,0.0,0.207
9.589,1.011,1.284,0.0,0.0,0.0,0.792,0.61,0.2,0.0,0.0,0.0,0.0,0.207
9.613,1.01,1.289,0.0,0.0,0.0,0.794,0.608,0.2,0.0,0.0,0.0,0.0,0.208
9.637,1.008,1.293,0.0,0.0,0.0,0.795,0.606,0.2,0.0,0.0,0.0,0.0,0.208
9.662,1.007,1.298,0.0,0.0,0.0,0.797,0.604,0.2,0.0,0.0,0.0,0.0,0.208
9.686,1.006,1.303,0.0,0.0,0.0,0.798,0.602,0.2,0.0,0.0,0.0,0.0,0.208
9.71,1.005,1.307,0.0,0.0,0.0,0.8,0.6,0.2,0.0,0.0,0.0,0.0,0.208
9.735,1.003,1.312,0.0,0.0,0.0,0.802,0.598,0.2,0.0,0.0,0.0,0.0,0.208
9.759,1.002,1.317,0.0,0.0,0.0,0.803,0.596,0.2,0.0,0.0,0.0,0.0,0.208
9.783,1.0,1.321,0.0,0.0,0.0,0.805,0.594,0.2,0.0,0.0,0.0,0.0,0.209
9.807,0.999,1.326,0.0,0.0,0.0,0.806,0.592,0.2,0.0,0.0,0.0,0.0,0.209
9.832,0.997,1.331,0.0,0.0,0.0,0.808,0.59,0.198,0.0,0.0,0.0,0.0,0.202
9.856,0.996,1.335,0.0,0.0,0.0,0.809,0.588,0.2,0.0,0.0,0.0,0.0,0.208
9.88,0.994,1.34,0.0,0.0,0.0,0.81,0.586,0.2,0.0,0.0,0.0,0.0,0.209
9.904,0.993,1.344,0.0,0.0,0.0,0.812,0.584,0.2,0.0,0.0,0.0,0.0,0.209
9.927,0.991,1.349,0.0,0.0,0.0,0.813,0.582,0.2,0.0,0.0,0.0,0.0,0.209
9.953,0.99,1.354,0.0,0.0,0.0,0.815,0.58,0.2,0.0,0.0,0.0,0.0,0.21
9.977,0.988,1.358,0.0,0.0,0.0,0.816,0.577,0.2,0.0,0.0,0.0,0.0,0.21
10.0,0.986,1.363,0.0,0.0,0.0,0.818,0.575,0.2,0.0,0.0,0.0,0.0,0.21
10.026,0.985,1.367,0.0,0.0,0.0,0.819,0.574,0.167,0.0,0.0,0.0,0.0,0.166
10.05,0.984,1.37,0.0,0.0,0.0,0.82,0.572,0.119,0.0,0.0,0.0,0.0,0.109
10.074,0.983,1.372,0.0,0.0,0.0,0.821,0.572,0.07,0.0,0.0,0.0,0.0,0.055
10.099,0.983,1.373,0.0,0.0,0.0,0.821,0.571,0.02,0.0,0.0,0.0,0.0,0.018
10.123,0.983,1.373,0.0,0.0,0.0,0.821,0.571,-0.0,0.0,0.0,0.0,0.0,0.007
10.146,0.983,1.373,0.0,0.0,0.0,0.821,0.571,0.0,0.0,0.0,0.0,0.0,0.006
10.172,0.983,1.373,0.0,0.0,0.0,0.821,0.571,0.0,0.0,0.0,0.0,0.0,0.006
10.192,0.983,1.373,0.0,0.0,0.0,0.821,0.571,0.0,0.0,0.0,0.0,0.0,0.006
10.22,0.983,1.373,0.0,0.0,0.0,0.821,0.571,0.0,0.0,0.0,0.0,0.0,0.006
10.244,0.983,1.373,0.0,0.0,0.0,0.821,0.571,0.0,0.0,0.0,0.0,0.0,0.006
10.267,0.983,1.373,0.0,0.0,0.0,0.821,0.571,0.0,0.0,0.0,0.0,0.0,0.006
10.293,0.983,1.373,0.0,0.0,0.0,0.821,0.571,0.0,0.0,0.0,0.0,0.0,0.006
10.317,0.983,1.373,0.0,0.0,0.0,0.821,0.571,0.0,0.0,0.0,0.0,0.0,0.006
10.341,0.983,1.373,0.0,0.0,0.0,0.821,0.571,0.0,0.0,0.0,0.0,0.0,0.006
10.366,0.983,1.373,0.0,0.0,0.0,0.821,0.571,0.0,0.0,0.0,0.0,0.0,0.006
10.39,0.983,1.373,0.0,0.0,0.0,0.821,0.571,0.0,0.0,0.0,0.0,0.0,0.006
10.414,0.983,1.373,0.0,0.0,0.0,0.821,0.571,0.0,0.0,0.0,0.0,0.0,0.006
10.438,0.983,1.373,0.0,0.0,0.0,0.821,0.571,0.0,0.0,0.0,0.0,0.0,0.006
10.463,0.983,1.373,0.0,0.0,0.0,0.821,0.57,0.0,0.0,0.0,0.0,0.0,0.006
10.484,0.983,1.373,0.0,0.0,0.0,0.821,0.57,0.0,0.0,0.0,0.0,0.0,0.006
10.511,0.983,1.373,0.0,0.0,0.0,0.821,0.57,0.0,0.0,0.0,0.0,0.0,0.006
10.535,0.983,1.373,0.0,0.0,0.0,0.821,0.57,0.0,0.0,0.0,0.0,0.0,0.006
10.56,0.983,1.373,0.0,0.0,0.0,0.821,0.57,0.0,0.0,0.0,0.0,0.0,0.006
10.584,0.983,1.373,0.0,0.0,0.0,0.822,0.57,0.0,0.0,0.0,0.0,0.0,0.006
10.608,0.983,1.373,0.0,0.0,0.0,0.822,0.57,0.0,0.0,0.0,0.0,0.0,0.006
10.633,0.983,1.373,0.0,0.0,0.0,0.822,0.57,0.0,0.0,0.0,0.0,0.0,0.006
10.657,0.983,1.373,0.0,0.0,0.0,0.822,0.57,0.0,0.0,0.0,0.0,0.0,0.006
10.681,0.983,1.373,0.0,0.0,0.0,0.822,0.57,0.0,0.0,0.0,0.0,0.0,0.006
10.702,0.983,1.373,0.0,0.0,0.0,0.822,0.57,0.0,0.0,0.0,0.0,0.0,0.006
10.731,0.983,1.373,0.0,0.0,0.0,0.822,0.57,0.0,0.0,0.0,0.0,0.0,0.006
10.754,0.983,1.373,0.0,0.0,0.0,0.822,0.57,0.0,0.0,0.0,0.0,0.0,0.006
10.778,0.983,1.373,0.0,0.0,0.0,0.822,0.57,0.0,0.0,0.0,0.0,0.0,0.006
10.802,0.983,1.373,0.0,0.0,0.0,0.822,0.57,0.0,0.0,0.0,0.0,0.0,0.006
10.827,0.983,1.373,0.0,0.0,0.0,0.822,0.57,0.0,0.0,0.0,0.0,0.0,0.006
10.851,0.983,1.373,0.0,0.0,0.0,0.822,0.57,0.0,0.0,0.0,0.0,0.0,0.006
10.875,0.983,1.373,0.0,0.0,0.0,0.822,0.569,0.0,0.0,0.0,0.0,0.0,0.006
10.9,0.983,1.373,0.0,0.0,0.0,0.822,0.569,0.0,0.0,0.0,0.0,0.0,0.006
10.925,0.983,1.373,0.0,0.0,0.0,0.822,0.569,0.0,0.0,0.0,0.0,0.0,0.006
10.948,0.983,1.373,0.0,0.0,0.0,0.822,0.569,0.0,0.0,0.0,0.0,0.0,0.006
10.972,0.983,1.373,0.0,0.0,0.0,0.822,0.569,0.0,0.0,0.0,0.0,0.0,0.006
10.997,0.983,1.373,0.0,0.0,0.0,0.822,0.569,0.009,0.0,0.0,0.0,0.0,-0.003
11.021,0.983,1.374,0.0,0.0,0.0,0.822,0.57,0.016,0.0,0.0,0.0,0.0,-0.044
11.045,0.982,1.374,0.0,0.0,0.0,0.822,0.57,0.012,0.0,0.0,0.0,0.0,-0.035
11.069,0.983,1.374,0.0,0.0,0.0,0.822,0.57,-0.004,0.0,0.0,0.0,0.0,0.013
11.094,0.983,1.374,0.0,0.0,0.0,0.822,0.57,-0.001,0.0,0.0,0.0,0.0,-0.003
11.118,0.983,1.374,0.0,0.0,0.0,0.822,0.57,0.0,0.0,0.0,0.0,0.0,-0.0
11.142,0.983,1.374,0.0,0.0,0.0,0.822,0.57,0.0,0.0,0.0,0.0,0.0,-0.0
11.167,0.983,1.374,0.0,0.0,0.0,0.822,0.57,0.0,0.0,0.0,0.0,0.0,-0.0
11.191,0.983,1.374,0.0,0.0,0.0,0.822,0.57,0.0,0.0,0.0,0.0,0.0,-0.0
11.215,0.983,1.374,0.0,0.0,0.0,0.822,0.57,0.0,0.0,0.0,0.0,0.0,-0.0
11.239,0.983,1.374,0.0,0.0,0.0,0.822,0.57,0.0,0.0,0.0,0.0,0.0,-0.0
11.264,0.983,1.374,0.0,0.0,0.0,0.822,0.57,0.0,0.0,0.0,0.0,0.0,-0.0
11.288,0.983,1.374,0.0,0.0,0.0,0.822,0.57,0.0,0.0,0.0,0.0,0.0,-0.0
11.312,0.983,1.374,0.0,0.0,0.0,0.822,0.57,0.0,0.0,0.0,0.0,0.0,-0.0
11.336,0.983,1.374,0.0,0.0,0.0,0.822,0.57,0.0,0.0,0.0,0.0,0.0,-0.0
11.36,0.983,1.374,0.0,0.0,0.0,0.822,0.57,0.0,0.0,0.0,0.0,0.0,-0.0
11.385,0.983,1.374,0.0,0.0,0.0,0.822,0.57,0.0,0.0,0.0,0.0,0.0,-0.0
11.409,0.983,1.374,0.0,0.0,0.0,0.822,0.57,0.0,0.0,0.0,0.0,0.0,-0.0
11.434,0.983,1.374,0.0,0.0,0.0,0.822,0.57,0.0,0.0,0.0,0.0,0.0,-0.0
11.458,0.983,1.374,0.0,0.0,0.0,0.822,0.57,0.0,0.0,0.0,0.0,0.0,-0.0
11.482,0.983,1.374,0.0,0.0,0.0,0.822,0.57,0.0,0.0,0.0,0.0,0.0,-0.0
11.503,0.983,1.374,0.0,0.0,0.0,0.822,0.57,-0.0,0.0,0.0,0.0,0.0,-0.001
11.531,0.983,1.374,0.0,0.0,0.0,0.822,0.57,-0.0,0.0,0.0,0.0,0.0,-0.0
11.555,0.983,1.374,0.0,0.0,0.0,0.822,0.57,0.0,0.0,0.0,0.0,0.0,0.0
11.579,0.983,1.374,0.0,0.0,0.0,0.822,0.57,0.0,0.0,0.0,0.0,0.0,0.0
11.603,0.983,1.374,0.0,0.0,0.0,0.822,0.57,-0.0,0.0,0.0,0.0,0.0,0.001
11.626,0.983,1.374,0.0,0.0,0.0,0.822,0.57,-0.0,0.0,0.0,0.0,0.0,0.0
11.652,0.983,1.374,0.0,0.0,0.0,0.822,0.57,-0.0,0.0,0.0,0.0,0.0,-0.0
11.676,0.983,1.374,0.0,0.0,0.0,0.822,0.57,-0.0,0.0,0.0,0.0,0.0,0.0
11.701,0.983,1.374,0.0,0.0,0.0,0.822,0.57,-0.0,0.0,0.0,0.0,0.0,0.0
11.725,0.983,1.374,0.0,0.0,0.0,0.822,0.57,-0.0,0.0,0.0,0.0,0.0,0.0
11.748,0.983,1.374,0.0,0.0,0.0,0.822,0.57,-0.0,0.0,0.0,0.0,0.0,0.0
11.773,0.983,1.374,0.0,0.0,0.0,0.822,0.57,-0.0,0.0,0.0,0.0,0.0,0.0
11.798,0.983,1.374,0.0,0.0,0.0,0.822,0.57,-0.0,0.0,0.0,0.0,0.0,0.0
11.822,0.983,1.374,0.0,0.0,0.0,0.822,0.57,-0.0,0.0,0.0,0.0,0.0,0.0
11.846,0.983,1.374,0.0,0.0,0.0,0.822,0.57,-0.0,0.0,0.0,0.0,0.0,0.0
11.87,0.983,1.374,0.0,0.0,0.0,0.822,0.57,-0.0,0.0,0.0,0.0,0.0,0.0
11.895,0.983,1.374,0.0,0.0,0.0,0.822,0.57,-0.0,0.0,0.0,0.0,0.0,0.0
11.919,0.983,1.374,0.0,0.0,0.0,0.822,0.57,-0.0,0.0,0.0,0.0,0.0,0.0
11.943,0.983,1.374,0.0,0.0,0.0,0.822,0.57,-0.0,0.0,0.0,0.0,0.0,0.0
11.968,0.983,1.374,0.0,0.0,0.0,0.822,0.57,-0.0,0.0,0.0,0.0,0.0,0.0
11.992,0.983,1.374,0.0,0.0,0.0,0.822,0.57,-0.0,0.0,0.0,0.0,0.0,0.0
12.016,0.983,1.374,0.0,0.0,0.0,0.822,0.57,-0.0,0.0,0.0,0.0,0.0,0.0
12.04,0.983,1.374,0.0,0.0,0.0,0.822,0.57,-0.0,0.0,0.0,0.0,0.0,0.0
12.065,0.983,1.374,0.0,0.0,0.0,0.822,0.57,-0.0,0.0,0.0,0.0,0.0,0.0
12.089,0.983,1.374,0.0,0.0,0.0,0.822,0.57,-0.0,0.0,0.0,0.0,0.0,0.0
12.113,0.983,1.374,0.0,0.0,0.0,0.822,0.57,-0.0,0.0,0.0,0.0,0.0,0.0
12.137,0.983,1.374,0.0,0.0,0.0,0.822,0.57,-0.0,0.0,0.0,0.0,0.0,0.0
12.163,0.983,1.374,0.0,0.0,0.0,0.822,0.57,-0.0,0.0,0.0,0.0,0.0,0.0
12.186,0.983,1.374,0.0,0.0,0.0,0.822,0.57,-0.0,0.0,0.0,0.0,0.0,0.0
12.21,0.983,1.374,0.0,0.0,0.0,0.822,0.57,-0.0,0.0,0.0,0.0,0.0,0.0
12.235,0.983,1.374,0.0,0.0,0.0,0.822,0.57,-0.0,0.0,0.0,0.0,0.0,0.0
12.258,0.983,1.374,0.0,0.0,0.0,0.822,0.57,-0.0,0.0,0.0,0.0,0.0,0.0
12.283,0.983,1.374,0.0,0.0,0.0,0.822,0.57,-0.0,0.0,0.0,0.0,0.0,0.0
12.308,0.983,1.374,0.0,0.0,0.0,0.822,0.57,-0.0,0.0,0.0,0.0,0.0,0.0
12.332,0.983,1.374,0.0,0.0,0.0,0.822,0.57,-0.0,0.0,0.0,0.0,0.0,0.0
12.356,0.983,1.374,0.0,0.0,0.0,0.822,0.57,-0.0,0.0,0.0,0.0,0.0,0.0
12.38,0.983,1.374,0.0,0.0,0.0,0.822,0.57,-0.0,0.0,0.0,0.0,0.0,0.0
12.403,0.983,1.374,0.0,0.0,0.0,0.822,0.57,-0.0,0.0,0.0,0.0,0.0,0.0
12.429,0.983,1.374,0.0,0.0,0.0,0.822,0.57,-0.0,0.0,0.0,0.0,0.0,0.0
12.454,0.983,1.374,0.0,0.0,0.0,0.822,0.57,-0.0,0.0,0.0,0.0,0.0,0.0
12.477,0.983,1.374,0.0,0.0,0.0,0.822,0.57,-0.0,0.0,0.0,0.0,0.0,0.0
12.502,0.983,1.374,0.0,0.0,0.0,0.822,0.57,-0.0,0.0,0.0,0.0,0.0,0.0
12.526,0.983,1.374,0.0,0.0,0.0,0.822,0.57,-0.0,0.0,0.0,0.0,0.0,0.0
12.55,0.983,1.374,0.0,0.0,0.0,0.822,0.57,-0.0,0.0,0.0,0.0,0.0,0.0
12.574,0.983,1.374,0.0,0.0,0.0,0.822,0.57,-0.0,0.0,0.0,0.0,0.0,0.0
12.599,0.983,1.374,0.0,0.0,0.0,0.822,0.57,-0.0,0.0,0.0,0.0,0.0,0.0
12.621,0.983,1.374,0.0,0.0,0.0,0.822,0.57,-0.0,0.0,0.0,0.0,0.0,0.0
12.647,0.983,1.374,0.0,0.0,0.0,0.822,0.57,-0.0,0.0,0.0,0.0,0.0,0.0
12.671,0.983,1.374,0.0,0.0,0.0,0.822,0.57,-0.0,0.0,0.0,0.0,0.0,0.0
12.696,0.983,1.374,0.0,0.0,0.0,0.822,0.57,-0.0,0.0,0.0,0.0,0.0,0.0
12.72,0.983,1.374,0.0,0.0,0.0,0.822,0.57,-0.0,0.0,0.0,0.0,0.0,0.0
12.744,0.983,1.374,0.0,0.0,0.0,0.822,0.57,-0.0,0.0,0.0,0.0,0.0,0.0
12.768,0.983,1.374,0.0,0.0,0.0,0.822,0.57,-0.0,0.0,0.0,0.0,0.0,0.0
12.793,0.983,1.374,0.0,0.0,0.0,0.822,0.57,-0.0,0.0,0.0,0.0,0.0,0.0
12.818,0.983,1.374,0.0,0.0,0.0,0.822,0.57,-0.0,0.0,0.0,0.0,0.0,0.0
12.841,0.983,1.374,0.0,0.0,0.0,0.822,0.57,-0.0,0.0,0.0,0.0,0.0,0.0
12.866,0.983,1.374,0.0,0.0,0.0,0.822,0.57,-0.0,0.0,0.0,0.0,0.0,0.0
12.89,0.983,1.374,0.0,0.0,0.0,0.822,0.57,-0.0,0.0,0.0,0.0,0.0,0.0
12.914,0.983,1.374,0.0,0.0,0.0,0.822,0.57,-0.0,0.0,0.0,0.0,0.0,0.0
12.938,0.983,1.374,0.0,0.0,0.0,0.822,0.57,-0.0,0.0,0.0,0.0,0.0,0.0
12.963,0.983,1.374,0.0,0.0,0.0,0.822,0.57,-0.0,0.0,0.0,0.0,0.0,0.0
12.988,0.983,1.374,0.0,0.0,0.0,0.822,0.57,-0.0,0.0,0.0,0.0,0.0,0.0
13.013,0.983,1.374,0.0,0.0,0.0,0.822,0.57,-0.0,0.0,0.0,0.0,0.0,0.0
13.034,0.983,1.374,0.0,0.0,0.0,0.822,0.57,-0.0,0.0,0.0,0.0,0.0,0.0
13.06,0.983,1.374,0.0,0.0,0.0,0.822,0.57,-0.0,0.0,0.0,0.0,0.0,0.0
13.084,0.983,1.374,0.0,0.0,0.0,0.822,0.57,-0.0,0.0,0.0,0.0,0.0,0.0
13.108,0.983,1.374,0.0,0.0,0.0,0.822,0.57,-0.0,0.0,0.0,0.0,0.0,0.0
13.133,0.983,1.374,0.0,0.0,0.0,0.822,0.57,-0.0,0.0,0.0,0.0,0.0,0.0
13.157,0.983,1.374,0.0,0.0,0.0,0.822,0.57,-0.0,0.0,0.0,0.0,0.0,0.0
13.181,0.983,1.374,0.0,0.0,0.0,0.822,0.57,-0.0,0.0,0.0,0.0,0.0,0.0
13.205,0.983,1.374,0.0,0.0,0.0,0.822,0.57,-0.0,0.0,0.0,0.0,0.0,0.0
13.23,0.983,1.374,0.0,0.0,0.0,0.822,0.57,-0.0,0.0,0.0,0.0,0.0,0.0
13.254,0.983,1.374,0.0,0.0,0.0,0.822,0.57,-0.0,0.0,0.0,0.0,0.0,0.0
13.278,0.983,1.374,0.0,0.0,0.0,0.822,0.57,-0.0,0.0,0.0,0.0,0.0,0.0
13.302,0.983,1.374,0.0,0.0,0.0,0.822,0.57,-0.0,0.0,0.0,0.0,0.0,0.0
13.327,0.983,1.374,0.0,0.0,0.0,0.822,0.57,-0.0,0.0,0.0,0.0,0.0,0.0
13.351,0.983,1.374,0.0,0.0,0.0,0.822,0.57,-0.0,0.0,0.0,0.0,0.0,0.0
13.375,0.983,1.374,0.0,0.0,0.0,0.822,0.57,-0.0,0.0,0.0,0.0,0.0,0.0
13.4,0.983,1.374,0.0,0.0,0.0,0.822,0.57,-0.0,0.0,0.0,0.0,0.0,0.0
13.424,0.983,1.374,0.0,0.0,0.0,0.822,0.57,-0.0,0.0,0.0,0.0,0.0,0.0
13.448,0.983,1.374,0.0,0.0,0.0,0.822,0.57,-0.0,0.0,0.0,0.0,0.0,0.0
13.472,0.983,1.374,0.0,0.0,0.0,0.822,0.57,-0.0,0.0,0.0,0.0,0.0,0.0
13.497,0.983,1.374,0.0,0.0,0.0,0.822,0.57,-0.0,0.0,0.0,0.0,0.0,0.0
13.521,0.983,1.374,0.0,0.0,0.0,0.822,0.57,-0.0,0.0,0.0,0.0,0.0,0.0
13.545,0.983,1.374,0.0,0.0,0.0,0.822,0.57,-0.0,0.0,0.0,0.0,0.0,0.0
13.569,0.983,1.374,0.0,0.0,0.0,0.822,0.57,-0.0,0.0,0.0,0.0,0.0,0.0
13.594,0.983,1.374,0.0,0.0,0.0,0.822,0.57,-0.0,0.0,0.0,0.0,0.0,0.0
13.618,0.983,1.374,0.0,0.0,0.0,0.822,0.57,-0.0,0.0,0.0,0.0,0.0,0.0
13.642,0.983,1.374,0.0,0.0,0.0,0.822,0.57,-0.0,0.0,0.0,0.0,0.0,0.0
13.667,0.983,1.374,0.0,0.0,0.0,0.822,0.57,-0.0,0.0,0.0,0.0,0.0,0.0
13.691,0.983,1.374,0.0,0.0,0.0,0.822,0.57,-0.0,0.0,0.0,0.0,0.0,0.0
13.715,0.983,1.374,0.0,0.0,0.0,0.822,0.57,-0.0,0.0,0.0,0.0,0.0,0.0
13.739,0.983,1.374,0.0,0.0,0.0,0.822,0.57,-0.0,0.0,0.0,0.0,0.0,0.0
13.764,0.983,1.374,0.0,0.0,0.0,0.822,0.57,-0.0,0.0,0.0,0.0,0.0,0.0
13.788,0.983,1.374,0.0,0.0,0.0,0.822,0.57,-0.0,0.0,0.0,0.0,0.0,0.0
13.812,0.983,1.374,0.0,0.0,0.0,0.822,0.57,-0.0,0.0,0.0,0.0,0.0,0.0
